source_file,cylinders,bore_mm,stroke_mm,displacement_l,displacement_cyl_l,compression_ratio,con_rod_length_mm,con_rod_to_stroke_ratio,intake_valve_dia_mm,intake_valve_lift_mm,exhaust_valve_dia_mm,exhaust_valve_lift_mm,intake_duration_deg,exhaust_duration_deg,LSA_deg,advance_deg
10s/apperson_332_v8.mr,8,82.55,127,5.4377,0.6797,4.5,292.1,2.3,39.6875,9.525,39.6875,9.525,210,245,116.25,-3.75
10s/aster_63_i1.mr,1,105,120,1.0391,1.0391,4.5,258,2.15,50,10,50,10,220,220,110,0
10s/bradley_294_i4.mr,4,104.775,139.7,4.8179,1.2045,4.828,304.8,2.1818,42.39,10.6,42.39,10.6,172,210,97,-2
10s/brouhot_119_i4.mr,4,75,110,1.9439,0.486,3.75,275,2.5,40,8,40,8,205,225,117.5,-5
10s/buda_h_312_i4.mr,4,107.95,139.7,5.1144,1.2786,4,311.15,2.2273,47.625,9.525,47.625,9.525,220,240,115,0
10s/buda_i_276_i4.mr,4,101.6,139.7,4.5304,1.1326,4,311.15,2.2273,47.625,9.525,47.625,9.525,220,240,115,0
10s/buda_ls_303_i6.mr,6,88.9,133.35,4.9664,0.8277,4.25,285.75,2.1429,38.1,9.525,38.1,9.525,220,240,115,0
10s/buda_o_294_i4.mr,4,104.775,139.7,4.8179,1.2045,3.827,301.625,2.1591,47.625,7.9375,47.625,9.525,220,240,115,0
10s/buda_q_243_i4.mr,4,95.25,139.7,3.9818,0.9954,4.007,301.625,2.1591,47.625,7.9375,47.625,9.525,220,240,115,0
10s/buda_r_197_i4.mr,4,88.9,130.175,3.2321,0.808,4.266,285.75,2.1951,38.1,9.525,38.1,9.525,220,240,115,0
10s/buda_ss_364_i6.mr,6,95.25,139.7,5.9727,0.9954,4.25,311.15,2.2273,42.8625,9.525,42.8625,9.525,220,240,115,0
10s/buda_t_312_i4.mr,4,107.95,139.7,5.1144,1.2786,4.185,301.625,2.1591,47.625,9.525,47.625,9.525,220,240,115,0
10s/buda_w_226_i4.mr,4,95.25,130.175,3.7103,0.9276,4.253,285.75,2.1951,38.1,9.525,38.1,9.525,220,240,115,0
10s/buda_y_382_i4.mr,4,114.3,152.4,6.255,1.5637,4,336.55,2.2083,53.975,9.525,53.975,9.525,220,240,115,0
10s/buick_166_i4.mr,4,95.25,95.25,2.7148,0.6787,4,177.8,1.8667,31.75,6.35,31.75,6.35,199.5,249.5,113.75,-2.18
10s/buick_221_i4.mr,4,95.25,127,3.6198,0.9049,4,254,2,38.1,7.1437,38.1,7.1437,202.3,248.3,113.97,-1.28
10s/buick_331_i6.mr,6,95.25,127,5.4297,0.9049,4,254,2,38.1,7.1437,38.1,7.1437,202.3,248.3,113.97,-1.28
10s/buick_384_v12.mr,12,76.454,114.3,6.2968,0.5247,4.5,228.6,2,34.925,7.1437,34.925,7.1437,202.3,248.3,113.97,-1.28
10s/buick_498_v12.mr,12,76.2,149.225,8.1662,0.6805,4.5,317.5,2.1277,34.925,7.1437,34.925,7.1437,202.3,248.3,113.97,-1.28
10s/cadillac_314_v8.mr,8,79.375,130.175,5.1532,0.6441,4.8,317.5,2.439,39.6875,7.1437,39.6875,7.1437,226.7,226.7,113.34,0
10s/chadwick_707_i6.mr,6,127,152.4,11.5833,1.9306,4,304.8,2,76.2,11.1125,53.975,11.1125,247,255,134.5,-7
10s/chalmers_415_i6.mr,6,101.6,139.7,6.7956,1.1326,4.5,311.15,2.2273,53.975,11.1125,53.975,11.1125,201,247,112,-0.5
10s/charron_302_i4.mr,4,110,130,4.9417,1.2354,4,295.75,2.275,50,10,50,10,179,224,101.25,10.75
10s/christie_v4_1237.mr,4,190.5,177.8,20.2708,5.0677,4,774.7,4.3571,76.2,15.875,76.2,15.875,205,230,111.25,-1.25
10s/continental_281_i4.mr,4,104.775,133.35,4.5989,1.1497,4,266.7,2,57.15,8.7312,57.15,8.7312,212.7,237.3,112.5,-5.35
10s/continental_350_i4.mr,4,114.3,139.7,5.7337,1.4334,4,279.4,2,57.15,9.525,57.15,9.525,196.9,237.2,110.62,-3.53
10s/continental_421_i6.mr,6,104.775,133.35,6.8984,1.1497,4,279.4,2.0952,50.8,8.7312,50.8,8.7312,198,222.5,108.88,-0.12
10s/continental_4n_192_i4.mr,4,88.9,127,3.1532,0.7883,4.412,260.35,2.05,44.0531,7.1437,44.0531,8.7312,191.5,230.9,110.39,-3.26
10s/continental_6n_289_i6.mr,6,88.9,127,4.7299,0.7883,4.412,260.35,2.05,44.0531,7.1437,44.0531,8.7312,198,222.5,108.88,-0.12
10s/continental_6p_348_i6.mr,6,95.25,133.35,5.7012,0.9502,4,263.525,1.9762,42.8625,8.7312,42.8625,8.7312,198,222.5,108.88,-0.12
10s/continental_7n_303_i6.mr,6,88.9,133.35,4.9664,0.8277,4.217,260.35,1.9524,42.8625,8.6102,42.8625,8.6102,198,234,106,-3
10s/continental_7w_224_i6.mr,6,82.55,114.3,3.6705,0.6117,4.456,215.9,1.8889,39.6875,7.1437,39.6875,7.1437,213,247,115,-3.5
10s/cottin_230_i4.mr,4,100,120,3.7699,0.9425,4,249,2.075,47,11,47,11,195,234,110.75,-1.75
10s/csb_302_i4.mr,4,110,130,4.9417,1.2354,4,300,2.3077,50,10,50,10,180,242,112.5,2.5
10s/cunningham_408_i4.mr,4,120.65,146.05,6.6789,1.6697,4,319.0875,2.1848,47.625,7.9375,47.625,9.525,180,225,106.25,1.25
10s/davis_226_v8.mr,8,76.2,101.6,3.7067,0.4633,4.23,203.2,2,33.3375,5.5563,33.3375,5.5563,200,230,110,0
10s/de_dion_244_v8.mr,8,70,130,4.0024,0.5003,4,265,2.0385,33.5,6,33.5,6,205,225,110,-2.5
10s/de_dion_84_i4.mr,4,66,100,1.3685,0.3421,3.75,235,2.35,33,7,33,7,225,225,112.5,0
10s/deltal_302_i4.mr,4,101.6,152.4,4.9422,1.2356,4.25,368.3,2.4167,69.85,12.7,69.85,12.7,218,256,119.5,0.5
10s/dorris_377_i6.mr,6,101.6,127,6.1778,1.0296,4,304.8,2.4,44.45,8.7312,44.45,8.7312,215,235,112.5,-5
10s/empire_212_i6.mr,6,76.2,127,3.475,0.5792,4,228.6,1.8,41.275,7.9375,41.275,7.9375,199.5,230,109.12,-6.12
10s/enger_227_v12.mr,12,66.675,88.9,3.7248,0.3104,4,190.5,2.1429,33.3375,7.9375,33.3375,7.9375,220,230,107.5,-2.5
10s/falls_180_i6.mr,6,76.2,107.95,2.9537,0.4923,4.803,215.9,2,34.925,7.1437,34.925,7.1437,209,235,112.5,-5
10s/farcot_123_i4.mr,4,80,100,2.0106,0.5027,4,200,2,35,7,35,7,184,218,102.5,4.5
10s/ferro_12_351_v12.mr,12,73.025,114.3,5.7446,0.4787,4.25,228.6,2,31.75,6.4262,31.75,6.4262,210,230,110,-5
10s/ferro_13_162_v8.mr,8,66.675,95.25,2.6605,0.3326,4.2,177.8,1.8667,26.9875,6.9273,26.9875,6.9273,217,233,112.5,-4
10s/ferro_8_265_v8.mr,8,82.55,101.6,4.3502,0.5438,4.23,203.2,2,34.925,7.9375,34.925,7.9375,217,233,112.5,-4
10s/ferro_9_198_v8.mr,8,76.2,88.9,3.2433,0.4054,4.23,177.8,2,31.75,7.9375,31.75,7.9375,217,233,112.5,-4
10s/ford_k_406_i6.mr,6,114.3,107.95,6.6459,1.1077,3.5,215.9,2,44.45,11.1125,44.45,11.1125,210,230,120,-5
10s/ford_t_177_i4.mr,4,95.25,101.6,2.8958,0.724,3.98,177.8,1.75,37.7031,6.35,37.7031,6.35,218.15,217.87,115.3,-6.4
10s/gbs_142_i4.mr,4,82.55,107.95,2.311,0.5778,5,177.8,1.6471,46.0375,5.5563,46.0375,5.5563,210,236,113.5,-1.5
10s/gbs_164_i4.mr,4,88.9,107.95,2.6803,0.6701,5,177.8,1.6471,46.0375,5.5563,46.0375,5.5563,210,236,113.5,-1.5
10s/gbs_189_i4.mr,4,95.25,107.95,3.0768,0.7692,5.03,177.8,1.6471,46.0375,5.5563,46.0375,5.5563,210,236,113.5,-1.5
10s/gbs_221_i4.mr,4,95.25,127,3.6198,0.9049,5.348,260.35,2.05,42.8625,9.1281,42.8625,9.1281,210,236,113.5,-1.5
10s/gregoire_147_i4.mr,4,80,120,2.4127,0.6032,3.75,250.8,2.09,40,8,40,8,175,233,104.5,12
10s/haynes_356_v12.mr,12,69.85,127,5.8399,0.4867,4,260.858,2.054,34.925,7.9375,34.925,7.9375,210,229,111.25,1.25
10s/hollier_240_v8.mr,8,76.2,107.95,3.9383,0.4923,4,254,2.3529,34.925,9.525,34.925,9.525,205,230,111.25,-1.25
10s/holt_120hp_2121_i6.mr,6,190.5,203.2,34.75,5.7917,4,431.8,2.125,76.2,11.1125,76.2,12.7,235,235,117.5,0
10s/hotchkiss_173_i4.mr,4,95,100,2.8353,0.7088,3.75,213.5,2.135,50,10,50,10,196,234,111,-4
10s/hs_192_i4.mr,4,88.9,127,3.1532,0.7883,4.25,279.4,2.2,44.45,7.9375,44.45,7.9375,233,233,108.5,0
10s/hs_283_v8.mr,8,76.2,127,4.6333,0.5792,4.5,279.4,2.2,38.1,8.7312,38.1,8.7312,217,233,112.5,-4
10s/hs_332_v8.mr,8,82.55,127,5.4377,0.6797,5.558,279.4,2.2,39.6875,9.525,39.6875,9.525,217,233,112.5,-4
10s/hs_415_i6.mr,6,101.6,139.7,6.7956,1.1326,4,317.5,2.2727,47.625,7.9375,47.625,7.9375,212,233,111.25,-2.75
10s/if_8_360_i8.mr,8,85,130,5.9015,0.7377,5.5,260,2,38,8,38,8,225,235,112.5,-5
10s/julian_668_i6.mr,6,114.3,177.8,10.9462,1.8244,4,355.6,2,77.7875,9.525,77.7875,9.525,203,235,112,-4.5
10s/king_238_v8.mr,8,69.85,127,3.8933,0.4867,4.2,266.7,2.1,34.925,11.9063,34.925,11.9063,225,225,112.5,0
10s/king_283_v8.mr,8,76.2,127,4.6333,0.5792,4.2,266.7,2.1,34.925,11.9063,34.925,11.9063,225,225,112.5,0
10s/lanchester_151_i4.mr,4,101.6,76.2,2.4711,0.6178,4,177.8,2.3333,38.1,9.525,38.1,9.525,202,225,99.75,5.75
10s/lancia_442_v12.mr,12,80,120,7.2382,0.6032,4.5,225,1.875,40,9,40,9,220,230,113,-3
10s/le_roi_138_i4.mr,4,79.375,114.3,2.2624,0.5656,4.109,203.2,1.7778,41.275,4.7625,41.275,4.7625,194,230,108.5,1.5
10s/luc_court_132_i4.mr,4,70,140,2.1551,0.5388,4,297.5,2.125,30,6.5,30,6.5,150,240,105,0
10s/lycoming_k_192_i4.mr,4,88.9,127,3.1532,0.7883,4.348,241.3,1.9,34.925,7.7755,34.925,7.7755,217,233,112.5,-4
10s/lycoming_ts_354_i6.mr,6,98.425,127,5.7977,0.9663,4.4,273.05,2.15,46.0375,7.9375,42.8625,7.9375,215,227,108,0.5
10s/lycoming_u_166_i4.mr,4,82.55,127,2.7189,0.6797,4.25,241.3,1.9,34.925,7.7755,34.925,7.7755,217,233,112.5,-4
10s/marmon_468_i6.mr,6,107.95,139.7,7.6715,1.2786,4,323.85,2.3182,55.5625,9.525,55.5625,9.525,196,237,111.75,-5.25
10s/mercer_318_i4.mr,4,114.3,127,5.2125,1.3031,4,317.5,2.5,57.15,11.1125,57.15,11.1125,230.6,286.6,110,-2
10s/mk_302_i4.mr,4,101.6,152.4,4.9422,1.2356,4.753,339.725,2.2292,39.246,9.91,43.878,10.97,210,235,96.25,-28.75
10s/motobloc_230_i4.mr,4,100,120,3.7699,0.9425,3.75,285,2.375,50,10,50,10,180,230,105,5
10s/national_339_v12.mr,12,69.85,120.65,5.5479,0.4623,4,269.875,2.2368,34.925,9.525,34.925,9.525,216,225.9,112.28,-1.73
10s/national_370_v12.mr,12,73.025,120.65,6.0638,0.5053,4,269.875,2.2368,34.925,9.525,34.925,9.525,216,225.9,112.28,-1.73
10s/northway_192_i4.mr,4,88.9,127,3.1532,0.7883,3.75,263.525,2.075,43.6563,7.9375,43.6563,7.9375,203,235,112,-4.5
10s/northway_247_v8.mr,8,73.025,120.65,4.0425,0.5053,4.2,241.3,2,28.575,8.7312,28.575,8.7312,203,235,112,-4.5
10s/northway_289_i6.mr,6,88.9,127,4.7299,0.7883,3.75,263.525,2.075,43.6563,7.9375,43.6563,7.9375,203,235,112,-4.5
10s/northway_298_i4.mr,4,107.95,133.35,4.8819,1.2205,4,279.4,2.0952,46.4344,8.7312,46.4344,8.7312,203,235,112,-4.5
10s/northway_346_v8.mr,8,88.9,114.3,5.6758,0.7095,4,241.3,2.1111,38.1,8.7312,38.1,8.7312,203,235,112,-4.5
10s/northway_447_i6.mr,6,107.95,133.35,7.3228,1.2205,3.75,279.4,2.0952,44.8469,8.7312,44.8469,8.7312,203,235,112,-4.5
10s/packard_299_v12.mr,12,67.4688,114.3,4.9037,0.4086,5.88,228.6,2,36.5125,8.636,36.5125,8.636,215,232,111.75,-0.75
10s/packard_424_v12.mr,12,76.2,127,6.95,0.5792,4,304.8,2.4,42.0687,8.7312,42.0687,8.7312,206,229,111.25,-0.75
10s/peerless_221_i4.mr,4,95.25,127,3.6198,0.9049,4,260.35,2.05,47.625,9.525,47.625,9.525,191.5,230.9,110.39,-3.26
10s/pullman_525_i6.mr,6,114.3,139.7,8.6006,1.4334,4,298.45,2.1364,53.975,7.9375,53.975,7.9375,203,235,112,-4.5
10s/rbvz_275_i4.mr,4,105,130,4.5027,1.1257,3.5,280,2.1538,50,10,50,10,180,220,110,0
10s/rbvz_296_i4.mr,4,105,140,4.849,1.2123,4,280,2,50,10,50,10,180,220,110,0
10s/renault_65_i2.mr,2,75,120,1.0603,0.5301,4,260,2.1667,30,6,30,6,182.5,245.5,102,-12.75
10s/rossel_276_i4.mr,4,120,100,4.5239,1.131,4,236,2.36,50,10,50,10,192,220,105,1
10s/rutenber_230_i6.mr,6,79.375,127,3.7706,0.6284,4.068,241.3,1.9,33.3375,7.9375,33.3375,7.9375,215,235,115,-7.5
10s/rutenber_294_i4.mr,4,104.775,139.7,4.8179,1.2045,4,304.8,2.1818,47.625,8.7312,47.625,8.7312,215,240,116.25,-6.25
10s/rutenber_348_i6.mr,6,95.25,133.35,5.7012,0.9502,4,304.8,2.2857,46.8312,8.7312,46.8312,8.7312,208,242,114,-8
10s/saxon_87_i4.mr,4,66.675,101.6,1.419,0.3547,4,203.2,2,30.1625,6.35,30.1625,6.35,213,247,115,-3.5
10s/schebler_507_v12.mr,12,82.55,127,8.1566,0.6797,4,233.3625,1.8375,39.6875,7.9375,39.6875,7.9375,205,225,110,-2.5
10s/stevens_duryea_510_i6.mr,6,112.7125,139.7,8.3634,1.3939,3.846,295.275,2.1136,57.15,11.1125,57.15,11.1125,203,235,112,-4.5
10s/sultan_119_i4.mr,4,75,110,1.9439,0.486,4,250,2.2727,30,6,30,6,200,252,117,-5
10s/supreme_166_i4.mr,4,82.55,127,2.7189,0.6797,4.25,254,2,44.45,7.1437,44.45,7.1437,213,247,115,8.5
10s/supreme_249_i6.mr,6,82.55,127,4.0783,0.6797,4.25,254,2,44.45,7.1437,44.45,7.1437,213,247,115,8.5
10s/supreme_295_v12.mr,12,63.5,127,4.8264,0.4022,4.5,279.4,2.2,38.1,7.1437,38.1,7.1437,213,247,115,8.5
10s/supreme_356_v12.mr,12,69.85,127,5.8399,0.4867,4.5,279.4,2.2,38.1,7.1437,38.1,7.1437,213,247,115,8.5
10s/teetor_230_i6.mr,6,79.375,127,3.7706,0.6284,4.618,241.3,1.9,34.925,7.9375,34.925,7.9375,213,247,115,8.5
10s/teetor_572_i6.mr,6,114.3,152.4,9.3825,1.5637,4.5,304.8,2,38.1,8.636,38.1,8.636,216,232,104.5,0
10s/unic_119_i4.mr,4,75,110,1.9439,0.486,4,247.5,2.25,35,7,35,7,186,243,119.25,-7.75
10s/vinot_135_i4.mr,4,80,110,2.2117,0.5529,4,250,2.2727,35,7,35,7,180,210,105,0
10s/weidely_341_i6.mr,6,92.075,139.7,5.5811,0.9302,4,288.925,2.0682,49.2125,8.7312,49.2125,8.7312,210,230,110,-5
10s/weidely_390_v12.mr,12,73.025,127,6.3829,0.5319,4.615,254,2,33.3375,6.35,33.3375,6.35,214,226.5,110.12,-2.88
10s/weidely_d_212_i4.mr,4,88.9,139.7,3.4686,0.8671,4,279.4,2,47.625,7.9375,47.625,7.9375,225,220,113.75,-3.75
10s/weidely_m_243_i4.mr,4,95.25,139.7,3.9818,0.9954,3.993,304.8,2.1818,47.625,7.9375,47.625,7.9375,225,220,113.75,-3.75
10s/wolseley_189_i4.mr,4,90.4875,120.65,3.1035,0.7759,5.15,250.825,2.0789,25.4,5.5563,30.9562,6.35,188,225,105.25,0.25
10s/wright_201_i4.mr,4,101.6,101.6,3.2948,0.8237,3.5,254,2.5,50.8,9.525,50.8,9.525,180,200,115,0
20s/allen_192_i4.mr,4,88.9,127,3.1532,0.7883,4.25,269.875,2.125,41.275,7.9375,41.275,7.9375,214,238,113,-4
20s/ansted_224_i6.mr,6,82.55,114.3,3.6705,0.6117,4.55,215.9,1.8889,44.45,9.525,44.45,9.525,226,240,116.5,-6.5
20s/ansted_233_i6.mr,6,84.1375,114.3,3.813,0.6355,4.5,215.9,1.8889,44.45,11.1125,44.45,11.1125,226,240,116.5,-6.5
20s/ansted_271_i6.mr,6,84.1375,133.35,4.4485,0.7414,4.5,233.3625,1.75,44.45,11.1125,44.45,11.1125,226,240,116.5,-6.5
20s/blackhawk_242_i6.mr,6,85.725,114.3,3.9582,0.6597,5.25,234.95,2.0556,42.0687,8.7312,42.0687,8.7312,220,236,114,-3
20s/bugatti_t41_779_i8.mr,8,125,130,12.7627,1.5953,5,265,2.0385,35,12,52,12,225,240,108.75,-3.75
20s/buick_170_i4.mr,4,85.725,120.65,2.7854,0.6964,4,304.8,2.5263,47.625,8.3344,41.275,7.9375,203,242.2,117.79,-5.88
20s/buick_207_i6.mr,6,79.375,114.3,3.3936,0.5656,4.79,254,2.2222,36.5125,8.3344,36.5125,7.9375,286.6,327,117.9,0.1
20s/buick_239_i6.mr,6,84.1375,117.475,3.9189,0.6532,4.3,254,2.1622,39.6875,8.3344,39.6875,8.3344,220,250,108.5,-3.5
20s/buick_242_i6.mr,6,85.725,114.3,3.9582,0.6597,4,223.8375,1.9583,41.275,8.3344,31.75,7.9375,203,242.2,117.79,-5.88
20s/buick_274_i6.mr,6,88.9,120.65,4.4934,0.7489,4.2,273.05,2.2632,47.625,8.3344,41.275,7.9375,286.7,326.4,118.02,0.16
20s/buick_310_i6.mr,6,92.075,127,5.0737,0.8456,4.3,285.75,2.25,47.625,8.3344,39.6875,8.3344,210.1,250.4,115.12,-10.32
20s/cadillac_314_v8.mr,8,79.375,130.175,5.1532,0.6441,4.75,279.4,2.1463,42.8625,8.3344,39.6875,8.3344,262.4,246.4,113.2,0
20s/cadillac_341_v8.mr,8,84.1375,125.4125,5.5783,0.6973,4.9,266.7,2.1266,38.1,9.1281,38.1,9.1281,249.6,225.5,109.48,-4.11
20s/chandler_180_i6.mr,6,76.2,107.95,2.9537,0.4923,4.5,215.9,2,35.7188,7.9375,35.7188,7.9375,247,265.3,109.58,2.08
20s/chandler_196_i6.mr,6,79.375,107.95,3.205,0.5342,5,215.9,2,37.3062,7.9375,37.3062,7.9375,247,265.3,109.58,2.08
20s/chandler_219_i6.mr,6,79.375,120.65,3.5821,0.597,4.5,260.35,2.1579,38.8937,7.9375,38.8937,7.9375,234,249,111.75,-3.25
20s/chandler_255_i8.mr,8,76.2,114.3,4.17,0.5212,5,241.3,2.1111,37.3062,7.9375,35.7188,7.9375,209,236,109.25,4.75
20s/chandler_289_i6.mr,6,88.9,127,4.7299,0.7883,5,260.35,2.05,43.6563,7.9375,43.6563,7.9375,234,249,111.75,-3.25
20s/chandler_303_i8.mr,8,80.9625,120.65,4.9691,0.6211,5,254,2.1053,43.6563,7.9375,40.4812,7.9375,247,265.3,109.58,2.08
20s/chandler_331_i6.mr,6,95.25,127,5.4297,0.9049,5,254,2,43.6563,7.9375,43.6563,7.9375,214,234,109.5,2.5
20s/chandler_340_i8.mr,8,85.725,120.65,5.5709,0.6964,5,254,2.1053,43.6563,7.9375,40.4812,7.9375,215,223.3,107.08,-0.42
20s/chevrolet_135_i4.mr,4,88.9,88.9,2.2073,0.5518,4,173.037,1.9464,38.1,7.1437,38.1,7.1437,233,236,112.25,-5.75
20s/chevrolet_171_i4.mr,4,93.6625,101.6,2.8001,0.7,4.3,187.325,1.8438,33.3375,7.1437,33.3375,7.1437,216,236,113,-11
20s/chevrolet_194_i6.mr,6,84.1375,95.25,3.1775,0.5296,5.017,177.8,1.8667,35.7188,7.0358,35.7188,7.0358,218,231,112.25,-0.75
20s/chrysler_170_i4.mr,4,92.075,104.775,2.7906,0.6976,4.1,200.025,1.9091,36.5125,7.1437,36.5125,7.1437,220,230,111.5,1.5
20s/chrysler_180_i6.mr,6,76.2,107.95,2.9537,0.4923,5.2,241.3,2.2353,33.3375,7.9375,33.3375,7.9375,220,230,111.5,-4.5
20s/chrysler_180_i6_2.mr,6,76.2,107.95,2.9537,0.4923,4.9,241.3,2.2353,33.3375,7.9375,33.3375,7.9375,220,230,111.5,-1.5
20s/chrysler_196_i6.mr,6,79.375,107.95,3.205,0.5342,5.2,241.3,2.2353,37.3062,7.9375,37.3062,7.9375,220,230,111.5,-4.5
20s/chrysler_219_i6.mr,6,79.375,120.65,3.5821,0.597,4.8,254,2.1053,36.5125,7.9375,36.5125,7.9375,220,230,111.5,-4.5
20s/chrysler_249_i6.mr,6,82.55,127,4.0783,0.6797,5.1,265.112,2.0875,43.6563,7.9375,40.4812,7.9375,220,230,111.5,-4.5
20s/chrysler_289_i6.mr,6,88.9,127,4.7299,0.7883,4.75,276.225,2.175,42.0687,7.9375,42.0687,7.9375,220,230,111.5,-4.5
20s/chrysler_310_i6.mr,6,92.075,127,5.0737,0.8456,6,265.112,2.0875,46.0375,7.9375,49.2125,7.9375,220,234,112.5,-3.5
20s/cleveland_166_i6.mr,6,73.025,107.95,2.7127,0.4521,4.7,215.9,2,31.75,7.9375,31.75,7.9375,234,249,111.75,-3.25
20s/cleveland_191_i6.mr,6,76.2,114.3,3.1275,0.5212,4.7,241.3,2.1111,33.3375,7.9375,33.3375,7.9375,208,240,113,-3
20s/continental_11e_215_i6.mr,6,85.725,101.6,3.5184,0.5864,4.94,204.787,2.0156,36.5125,7.9375,33.3375,7.9375,220,230,112.5,-2.5
20s/continental_12e_199_i6.mr,6,82.55,101.6,3.2626,0.5438,5,204.787,2.0156,39.6875,7.9375,36.5125,7.9375,220,225,111.25,-3.75
20s/continental_12m_224_i6.mr,6,82.55,114.3,3.6705,0.6117,5,241.3,2.1111,38.1,7.9375,36.5125,7.9375,228,236,113,-1
20s/continental_12z_240_i8.mr,8,76.2,107.95,3.9383,0.4923,4.66,228.6,2.1176,36.5125,7.9375,33.3375,7.9375,222,222,112.5,-2.5
20s/continental_13k_322_i8.mr,8,85.725,114.3,5.2777,0.6597,5.3,228.6,2,38.1,9.398,34.925,9.398,225,225,112.5,-5
20s/continental_14l_169_i6.mr,6,69.85,120.65,2.774,0.4623,4.79,228.6,1.8947,34.925,7.9375,31.75,7.9375,222,222,112.5,-2.5
20s/continental_14s_269_i8.mr,8,76.2,120.65,4.4017,0.5502,5.5,247.65,2.0526,38.1,7.9375,34.925,7.9375,212,228,110,-4
20s/continental_152_i4.mr,4,85.725,107.95,2.4922,0.6231,4.7,203.2,1.8824,38.1,7.9375,38.1,7.9375,222,222,112.5,-2.5
20s/continental_15l_185_i6.mr,6,73.025,120.65,3.0319,0.5053,5.4,228.6,1.8947,36.5125,7.9375,33.3375,7.9375,222,222,112.5,-2.5
20s/continental_15u_248_i6.mr,6,85.725,117.475,4.0682,0.678,5.06,228.6,1.9459,41.275,7.9375,41.275,7.9375,220,225,111.25,-3.75
20s/continental_21r_428_i6.mr,6,111.125,120.65,7.0209,1.1701,4.24,241.3,2,50.8,10.3187,50.8,10.3187,225,240,111.25,-1.25
20s/continental_269_i8_2.mr,8,76.2,120.65,4.4017,0.5502,5,247.65,2.0526,34.925,7.9375,31.75,7.9375,212,228,110,-4
20s/continental_26l_185_i6.mr,6,73.025,120.65,3.0319,0.5053,5,228.6,1.8947,33.3375,7.9375,30.1625,7.9375,222,222,112.5,-2.5
20s/continental_6e_268_i6.mr,6,85.725,127,4.398,0.733,4.55,266.7,2.1,41.275,7.9375,41.275,7.9375,205,230,111.25,-1.25
20s/continental_6j_331_i6.mr,6,95.25,127,5.4297,0.9049,4.3,279.4,2.2,49.2125,7.9375,49.2125,7.9375,208,228,111,-5
20s/continental_6t_325_i6.mr,6,92.075,133.35,5.3274,0.8879,4.4,279.4,2.0952,46.0375,7.9375,46.0375,7.9375,191.5,230.9,110.39,-3.26
20s/continental_6y_196_i6.mr,6,79.375,107.95,3.205,0.5342,4.55,209.55,1.9412,38.1,7.9375,38.1,7.9375,205,230,111.25,-1.25
20s/continental_7r_224_i6.mr,6,82.55,114.3,3.6705,0.6117,4.456,266.7,2.3333,41.275,7.9375,41.275,7.9375,208,228,111,-5
20s/continental_7z_207_i6.mr,6,79.375,114.3,3.3936,0.5656,4.6,209.55,1.8333,38.1,7.9375,38.1,7.9375,222,222,112.5,-2.5
20s/continental_8f_146_i6.mr,6,66.675,114.3,2.3945,0.3991,5,228.6,2,34.925,7.9375,31.75,7.9375,220,227,108.25,-1.75
20s/continental_8r_242_i6.mr,6,85.725,114.3,3.9582,0.6597,4.2,266.7,2.3333,38.1,7.9375,38.1,7.9375,208,228,111,-5
20s/continental_8s_247_i8.mr,8,73.025,120.65,4.0425,0.5053,4.65,247.65,2.0526,38.1,7.9375,34.925,7.9375,212,228,110,-4
20s/continental_8u_230_i6.mr,6,82.55,117.475,3.7724,0.6287,4.5,228.6,1.9459,41.275,7.9375,41.275,7.9375,222,222,112.5,-2.5
20s/continental_9f_160_i6.mr,6,69.85,114.3,2.628,0.438,5,228.6,2,34.925,7.9375,31.75,7.9375,215,237,109.5,-3
20s/continental_9k_247_i8.mr,8,76.2,111.125,4.0542,0.5068,4.69,276.225,2.4857,41.275,7.9375,38.1,7.9375,208,228,111,-5
20s/cunningham_442_v8.mr,8,95.25,127,7.2396,0.9049,4.26,266.7,2.1,47.625,8.7312,47.625,8.7312,226,226,113,-5
20s/daniels_404_v8.mr,8,88.9,133.35,6.6218,0.8277,4.7,292.1,2.1905,42.8625,6.35,42.8625,6.35,220,235,113.75,-6.25
20s/desoto_175_i6.mr,6,76.2,104.775,2.8669,0.4778,5.2,227.0125,2.1667,37.3062,7.9375,37.3062,7.9375,220,230,111.5,-4.5
20s/dodge_208_i6.mr,6,85.725,98.425,3.4085,0.5681,5.18,203.2,2.0645,42.0687,7.9375,38.8937,7.9375,228,236,113,-1
20s/dodge_212_i4.mr,4,98.425,114.3,3.4786,0.8697,5,231.775,2.0278,43.6563,8.7312,43.6563,8.7312,223,223,112.5,-2
20s/dodge_242_i6.mr,6,85.725,114.3,3.9582,0.6597,5.5,241.3,2.1111,42.0687,8.128,40.4812,8.128,228,236,113,-1
20s/duesenberg_260_i8.mr,8,73.025,127,4.2553,0.5319,5,247.65,1.95,38.1,8.7312,38.1,8.7312,225,240,113.2,0.8
20s/duesenberg_340_i4.mr,4,107.95,152.4,5.5793,1.3948,4,304.8,2,55.5625,12.3031,55.5625,12.3031,225,240,108.75,-3.75
20s/essex_145_i6.mr,6,68.2625,107.95,2.3704,0.3951,5.8,211.1375,1.9559,34.925,7.1437,34.925,7.5406,223,243,116,-2.5
20s/essex_179_i4.mr,4,85.725,127,2.932,0.733,4.5,298.45,2.35,52.3875,7.9375,52.3875,8.255,215,243,114,-0.5
20s/excelsior_322_i8.mr,8,85.725,114.3,5.2777,0.6597,4.65,234.95,2.0556,39.6875,8.7312,39.6875,8.7312,217,233,112.5,-4
20s/falls_196_i6.mr,6,79.375,107.95,3.205,0.5342,4.791,206.375,1.9118,34.1313,7.1437,34.1313,7.1437,209,235,112.5,-5
20s/falls_261_i8.mr,8,79.375,107.95,4.2734,0.5342,4.547,206.375,1.9118,34.0614,7.1437,34.0614,7.1437,216,229,116.25,-1.75
20s/ford_a_201_i4.mr,4,98.425,107.95,3.2854,0.8213,4.2,190.5,1.7647,38.1,7.2898,38.1,7.2898,235,232,112.8,2.2
20s/franklin_199_i6.mr,6,82.55,101.6,3.2626,0.5438,4.43,203.2,2,38.1,8.7312,38.1,7.9375,237,248.5,108.88,-9.62
20s/franklin_236_i6.mr,6,82.55,120.65,3.8744,0.6457,4.43,241.3,2,39.6875,7.9375,38.1,7.9375,237,248.5,108.88,-9.62
20s/franklin_274_i6.mr,6,88.9,120.65,4.4934,0.7489,5.3,241.3,2,39.6875,7.9375,38.1,7.9375,237,248.5,108.88,-9.62
20s/graham_paige_175_i6.mr,6,73.025,114.3,2.8723,0.4787,5.43,234.95,2.0556,35.7188,8.6614,34.1313,8.6614,220,230,107.5,-2.5
20s/graham_paige_191_i6.mr,6,76.2,114.3,3.1275,0.5212,5.57,234.95,2.0556,39.6875,7.9375,37.3062,8.0645,220,230,107.5,-2.5
20s/graham_paige_207_i6.mr,6,79.375,114.3,3.3936,0.5656,5.41,234.95,2.0556,39.6875,8.0772,37.3062,8.3058,220,230,107.5,-2.5
20s/graham_paige_224_i6.mr,6,82.55,114.3,3.6705,0.6117,5.51,234.95,2.0556,39.6875,7.9375,37.3062,8.0645,220,230,107.5,-2.5
20s/graham_paige_289_i6.mr,6,88.9,127,4.7299,0.7883,5.15,266.7,2.1,42.8625,8.7312,41.275,8.7312,225,240,111.25,-1.25
20s/graham_paige_322_i8.mr,8,85.725,114.3,5.2777,0.6597,5.54,228.6,2,41.275,9.398,39.6875,9.398,225,225,112.5,-2
20s/gray_beall_192_i4.mr,4,88.9,127,3.1532,0.7883,4.272,279.4,2.2,41.275,7.9375,41.275,7.9375,235,232,112.75,2.25
20s/haynes_289_i6.mr,6,88.9,127,4.7299,0.7883,4.5,260.35,2.05,39.6875,7.9375,39.6875,7.9375,210,229,111.25,1.25
20s/haynes_299_i6.mr,6,88.9,131.7625,4.9072,0.8179,4.5,279.4,2.1205,44.45,8.7312,44.45,8.7312,216,236,114,-2
20s/holmes_245_i6.mr,6,88.9,107.95,4.0204,0.6701,4.5,228.6,2.1176,41.275,7.9375,41.275,7.9375,198,245,110.75,-3.25
20s/hs_249_i6.mr,6,82.55,127,4.0783,0.6797,4.345,279.4,2.2,36.5125,7.9375,36.5125,7.9375,212,233,111.25,-2.75
20s/hudson_153_i6.mr,6,68.2625,114.3,2.5099,0.4183,5.8,207.9625,1.8194,34.925,7.1437,34.925,7.5406,237,243,112.5,1
20s/hudson_160_i6.mr,6,69.85,114.3,2.628,0.438,5.8,207.9625,1.8194,34.925,7.9375,34.925,8.3344,237,243,112.5,1
20s/hudson_289_i6.mr,6,88.9,127,4.7299,0.7883,5.8,295.275,2.325,51.5938,7.1437,46.8312,5.9531,229,243,110.5,3
20s/hupmobile_183_i4.mr,4,82.55,139.7,2.9908,0.7477,4,301.625,2.1591,41.275,7.9375,41.275,7.9375,212,236,112,-6
20s/hupmobile_196_i6.mr,6,79.375,107.95,3.205,0.5342,4.8,222.25,2.0588,34.925,7.9375,34.925,7.9375,227,227,115.5,-2
20s/hupmobile_211_i6.mr,6,82.55,107.95,3.4666,0.5778,4.8,222.25,2.0588,38.1,7.9375,38.1,7.9375,227,227,115.5,-2
20s/hupmobile_247_i8.mr,8,73.025,120.65,4.0425,0.5053,4.8,241.3,2,31.75,7.9375,30.1625,7.9375,227,227,115.5,-2
20s/hupmobile_269_i8.mr,8,76.2,120.65,4.4017,0.5502,5,241.3,2,37.3062,8.7312,37.3062,8.7312,227,227,115.5,-2
20s/if_8a_450_i8.mr,8,95,130,7.3717,0.9215,5.5,276,2.1231,40,9,40,9,225,235,112.5,-5
20s/jewett_249_i6.mr,6,82.55,127,4.0783,0.6797,4.6,266.7,2.1,39.6875,7.9375,39.6875,7.9375,220,230,107.5,-2.5
20s/kissel_284_i6.mr,6,84.1375,139.7,4.6603,0.7767,4.5,254,1.8182,46.0375,7.9375,46.0375,7.9375,210,230,110,0
20s/lafayette_348_v8.mr,8,82.55,133.35,5.7096,0.7137,4,323.85,2.4286,44.45,9.525,44.45,9.525,226,226,113,0
20s/lancia_dilambda_242_v8.mr,8,79.375,100,3.9587,0.4948,5.25,240,2.4,38,8.9,38,8.9,225,250,103.75,1.25
20s/lasalle_303_v8.mr,8,79.375,125.4125,4.9646,0.6206,4.8,266.7,2.1266,38.1,9.9219,38.1,9.9219,249.6,225.5,109.48,-4.11
20s/lasalle_328_v8.mr,8,82.55,125.4125,5.3698,0.6712,4.8,266.7,2.1266,38.1,9.9219,38.1,9.9219,248,231,112.5,-2
20s/liberty_230_i6.mr,6,79.375,127,3.7706,0.6284,4.5,254,2,38.1,7.9375,38.1,7.9375,212,231,111.75,-2.25
20s/lincoln_358_v8.mr,8,85.725,127,5.8641,0.733,4.8,317.5,2.5,44.45,7.9375,44.45,7.9375,228.5,228,112.88,1.12
20s/locomobile_199_i8.mr,8,71.4375,101.6,3.2578,0.4072,4.65,203.2,2,35.7188,6.9469,35.7188,6.9469,216,216,108,0
20s/locomobile_371_i6.mr,6,98.425,133.35,6.0876,1.0146,4.25,296.8625,2.2262,49.2125,9.6825,49.2125,9.4615,230,240,107.5,-7.5
20s/locomobile_525_i6.mr,6,114.3,139.7,8.6006,1.4334,4,304.8,2.1818,58.7375,10.3581,58.7375,10.3581,270,258,111.5,-3.5
20s/lycoming_3h_287_i8.mr,8,80.9625,114.3,4.7075,0.5884,4.6,228.6,2,37.3062,7.9375,37.3062,7.9375,215,227,108,0.5
20s/lycoming_4h_299_i8.mr,8,82.55,114.3,4.894,0.6117,5.25,228.6,2,41.275,8.7312,37.3062,8.7312,225,240,111.25,-1.25
20s/lycoming_4s_224_i6.mr,6,82.55,114.3,3.6705,0.6117,4.5,228.6,2,41.275,7.9375,37.3062,7.9375,215,227,108,0.5
20s/lycoming_cf_206_i4.mr,4,92.075,127,3.3825,0.8456,4.1,304.8,2.4,41.275,8.7312,41.275,8.7312,215,227,108,0.5
20s/lycoming_gs_247_i8.mr,8,73.025,120.65,4.0425,0.5053,5.05,241.3,2,34.925,8.7312,31.75,8.7312,225,240,111.25,-1.25
20s/lycoming_gt_226_i8.mr,8,69.85,120.65,3.6986,0.4623,4.94,241.3,2,35.7188,8.7312,35.7188,8.7312,225,240,111.25,-1.25
20s/lycoming_s_196_i6.mr,6,79.375,107.95,3.205,0.5342,4.5,228.6,2.1176,41.275,7.9375,37.3062,7.9375,215,227,108,0.5
20s/lycoming_wt_185_i6.mr,6,73.025,120.65,3.0319,0.5053,4.9,241.3,2,38.8937,8.7312,35.7188,8.7312,225,240,111.25,-1.25
20s/marmon_190_i8.mr,8,69.85,101.6,3.1146,0.3893,5.27,196.85,1.9375,30.1625,8.3344,25.4,8.3344,226,226,107,0
20s/marmon_202_i8.mr,8,69.85,107.95,3.3093,0.4137,5.25,215.9,2,37.3062,8.3344,34.1313,8.3344,226,226,107,0
20s/marmon_217_i8.mr,8,74.6125,101.6,3.5538,0.4442,5.5,196.85,1.9375,36.9094,8.3344,32.1469,8.3344,226,226,107,0
20s/marmon_340_i6.mr,6,95.25,130.175,5.5654,0.9276,4.3,258.7625,1.9878,50.8,9.525,50.8,9.525,215,237,110,2.5
20s/mercedes_m06_431_i6.mr,6,100,150,7.0686,1.1781,5.2,311,2.0733,52,10,48,10,250,245,103.8,-1.2
20s/mercer_298_i4.mr,4,95.25,171.45,4.8867,1.2217,4,365.125,2.1296,60.325,9.525,60.325,9.525,212,236,112,-6
20s/midwest_268_i6.mr,6,85.725,127,4.398,0.733,4.4,292.1,2.3,39.6875,10.3187,39.6875,10.3187,208,228,111,-5
20s/mitchell_289_i6.mr,6,88.9,127,4.7299,0.7883,4,266.7,2.1,41.275,6.985,41.275,6.985,205,225,110.5,-2
20s/monroe_149_i4.mr,4,82.55,114.3,2.447,0.6117,4,215.9,1.8889,44.45,9.525,44.45,9.525,224,234,114.5,-2.5
20s/nami_71_v2.mr,2,84,105,1.1638,0.5819,4.5,210,2,67,10,67,10,230,230,105,0
20s/nash_166_i4.mr,4,82.55,127,2.7189,0.6797,4,292.1,2.3,44.45,9.1281,44.45,9.1281,220,230,112.5,-2.5
20s/nash_170_i6.mr,6,76.2,101.6,2.78,0.4633,4.5,215.9,2.125,31.75,7.9375,31.75,7.9375,220,230,112.5,-2.5
20s/nash_184_i6.mr,6,79.375,101.6,3.0165,0.5027,4.5,209.55,2.0625,35.7188,6.35,35.7188,6.35,220,230,112.5,-2.5
20s/nash_224_i6.mr,6,82.55,114.3,3.6705,0.6117,4.69,228.6,2,38.1,8.8392,38.1,8.8392,210,235,113.75,-6.25
20s/nash_278_i6.mr,6,87.3125,127,4.5624,0.7604,4.6,254,2,45.3898,8.8392,45.3898,8.8392,210,235,113.75,-6.25
20s/national_303_i6.mr,6,88.9,133.35,4.9664,0.8277,4.25,292.1,2.1905,47.625,9.525,47.625,9.525,228,239,115.25,-5.75
20s/oakland_177_i6.mr,6,71.4375,120.65,2.9015,0.4836,4.5,241.3,2,31.75,7.9375,31.75,7.9375,198.5,230,112.12,-4.62
20s/oakland_185_i6.mr,6,73.025,120.65,3.0319,0.5053,5,224.79,1.8632,32.5437,7.1437,32.5437,7.1437,215,230,111.25,-1.25
20s/oakland_211_i6.mr,6,82.55,107.95,3.4666,0.5778,4.8,236.934,2.1948,41.275,7.1437,38.1,7.1437,215,230,111.25,-1.25
20s/oldsmobile_169_i6.mr,6,69.85,120.65,2.774,0.4623,4.55,215.9,1.7895,34.925,6.35,34.925,6.35,225,225,113.5,-4
20s/oldsmobile_169_i6_2.mr,6,69.85,120.65,2.774,0.4623,4.7,228.6,1.8947,38.1,7.9375,38.1,7.9375,212,222,109.5,1.5
20s/oldsmobile_185_i6.mr,6,73.025,120.65,3.0319,0.5053,4.7,228.6,1.8947,34.925,7.1882,34.925,7.1882,220,220,107.5,-2.5
20s/oldsmobile_198_i6.mr,6,80.9625,104.775,3.2364,0.5394,5,228.6,2.1818,37.3062,7.9375,35.7188,7.9375,230,230,110,-5
20s/oldsmobile_224_i4.mr,4,93.6625,133.35,3.6751,0.9188,4.3,254,1.9048,38.1,7.1437,38.1,7.1437,233,236,112.25,-5.75
20s/oldsmobile_234_v8.mr,8,73.025,114.3,3.8297,0.4787,4.5,254,2.2222,28.575,8.7312,28.575,8.7312,203,235,112,-4.5
20s/packard_242_i6.mr,6,85.725,114.3,3.9582,0.6597,4.76,247.65,2.1667,38.1,8.7312,38.1,8.7312,213,231,113.5,-2
20s/packard_358_i8.mr,8,85.725,127,5.8641,0.733,4.51,254,2,41.275,8.7312,38.1,8.7312,215,235,115,-2.5
20s/packard_577_i12.mr,12,88.9,127,9.4597,0.7883,6,276.225,2.175,46.0375,9.0932,42.8625,9.0932,265,265,112.5,0
20s/paige_185_i6.mr,6,73.025,120.65,3.0319,0.5053,4.54,228.6,1.8947,34.925,7.9375,31.75,7.9375,222,222,112.5,-2.5
20s/paige_230_i6.mr,6,79.375,127,3.7706,0.6284,5,266.7,2.1,39.6875,7.8486,39.6875,7.9756,215,235,115,-7.5
20s/paige_249_i6.mr,6,82.55,127,4.0783,0.6797,4.68,254,2,39.6875,7.9375,39.6875,7.9375,220,230,107.5,-2.5
20s/peerless_289_i6.mr,6,88.9,127,4.7299,0.7883,4.5,254,2,46.0375,8.7312,46.0375,8.7312,230,230,115,0
20s/peerless_332_v8.mr,8,82.55,127,5.4377,0.6797,4.5,279.4,2.2,44.45,9.525,44.45,9.525,227,227,113.5,0
20s/pierce_arrow_289_i6.mr,6,88.9,127,4.7299,0.7883,4.35,266.7,2.1,47.625,8.7312,41.275,8.7312,230,230,112.5,-2.5
20s/pierce_arrow_289_i6_2.mr,6,88.9,127,4.7299,0.7883,4.65,266.7,2.1,44.45,8.7312,38.1,8.7312,264,264,112.5,-2.5
20s/pierce_arrow_415_i6.mr,6,101.6,139.7,6.7956,1.1326,4.35,279.4,2,43.6372,8.7312,37.2872,8.7312,230,230,110,0
20s/plymouth_170_i4.mr,4,92.075,104.775,2.7906,0.6976,4.6,217.4875,2.0758,43.6563,7.1437,40.4812,7.1437,220,232,114,-1
20s/pontiac_187_i6.mr,6,82.55,95.25,3.0587,0.5098,4.6,185.7375,1.95,30.1625,7.1437,30.1625,7.1437,206,222,110.5,0.5
20s/reo_249_i6.mr,6,82.55,127,4.0783,0.6797,5,266.7,2.1,46.0375,7.9375,46.0375,7.9375,220,230,111.5,1.5
20s/rickenbacker_236_i6.mr,6,82.55,120.65,3.8744,0.6457,4.7,254,2.1053,42.8625,7.9375,42.8625,7.9375,230,230,112.5,-2.5
20s/rickenbacker_268_i8.mr,8,76.2,120.65,4.4017,0.5502,4.76,254,2.1053,41.275,7.9375,41.275,7.9375,230,230,112.5,-2.5
20s/rickenbacker_315_i8.mr,8,82.55,120.65,5.1658,0.6457,4.76,254,2.1053,41.275,7.9375,41.275,7.9375,230,230,112.5,-2.5
20s/rollin_149_i4.mr,4,82.55,114.3,2.447,0.6117,5,228.6,2,38.1,7.9375,38.1,7.9375,224,228,112.5,-1.5
20s/rr_phantom_468_i6.mr,6,107.95,139.7,7.6715,1.2786,4.5,279.4,2,48.26,10.795,48.26,10.795,196,216,109,-3
20s/stephens_224_i6.mr,6,82.55,114.3,3.6705,0.6117,4.5,215.9,1.8889,44.45,9.525,44.45,9.525,224,234,114.5,-2.5
20s/studebaker_242_i6.mr,6,85.725,114.3,3.9582,0.6597,4.5,254,2.2222,41.275,7.5406,41.275,7.5406,220,230,105,0
20s/studebaker_289_i6.mr,6,88.9,127,4.7299,0.7883,4.5,285.75,2.25,47.625,7.9375,47.625,7.9375,210,238,110.15,-2.15
20s/studebaker_313_i8.mr,8,85.725,111.125,5.1311,0.6414,4.7,234.1562,2.1071,42.0687,8.7312,39.6875,8.7312,220,232,109.5,-5.5
20s/studebaker_354_i6.mr,6,98.425,127,5.7977,0.9663,4.25,285.75,2.25,47.625,7.9375,47.625,7.9375,228,228,109,-5
20s/stutz_289_i6.mr,6,88.9,127,4.7299,0.7883,4.45,304.8,2.4,43.6563,9.525,43.6563,9.525,215,230,113.75,-3.75
20s/stutz_299_i8.mr,8,82.55,114.3,4.894,0.6117,5,234.95,2.0556,40.4812,8.7312,40.4812,8.7312,220,236,114,-6
20s/sunbeam_178_i6.mr,6,75,110,2.9158,0.486,6.4,190,1.7273,47,7.3,47,7.3,206,226,112,-4
20s/templar_289_i6.mr,6,88.9,127,4.7299,0.7883,4.35,279.4,2.2,45.2437,7.9375,41.275,7.9375,217,233,112.5,-4
20s/velie_196_i6.mr,6,79.375,107.95,3.205,0.5342,4.7,206.375,1.9118,33.3375,7.9375,33.3375,7.9375,220,230,113.5,-3.5
20s/velie_203_i6.mr,6,80.9625,107.95,3.3345,0.5558,4.7,206.375,1.9118,33.3375,7.9375,33.3375,7.9375,220,230,113.5,-3.5
20s/velie_221_i6.mr,6,80.9625,117.475,3.6287,0.6048,4.7,254,2.1622,42.8625,7.9375,39.6875,7.9375,220,230,113.5,-3.5
20s/whippet_134_i4.mr,4,79.375,111.125,2.1995,0.5499,4.4,241.3,2.1714,37.3062,7.9375,37.3062,7.9375,220,220,110,0
20s/whippet_146_i4.mr,4,79.375,120.65,2.3881,0.597,5.1,233.3625,1.9342,37.3062,7.9375,37.3062,7.9375,212,220,110.5,-2.5
20s/whippet_178_i6.mr,6,79.375,98.425,2.9222,0.487,4.44,238.125,2.4194,37.3062,7.9375,37.3062,7.9375,212,220,110.5,-2.5
20s/wills_ste_claire_265_v8.mr,8,82.55,101.6,4.3502,0.5438,4.1,203.2,2,38.1,7.9375,33.3375,7.9375,205,225,110,-2.5
20s/wills_ste_claire_274_i6.mr,6,82.55,139.7,4.4861,0.7477,4,279.4,2,38.1,7.9375,33.3375,7.9375,220,230,110,0
20s/wisconsin_y_268_i6.mr,6,85.725,127,4.398,0.733,4.8,304.8,2.4,38.1,9.525,38.1,9.525,225,230,106.25,-1.25
20s/wisconsin_z_477_i6.mr,6,114.3,127,7.8187,1.3031,4.5,266.7,2.1,52.3875,9.525,52.3875,9.525,235,230,116.25,-6.25
30s/alf_1005_v16.mr,16,101.6,127,16.4741,1.0296,5.16,304.8,2.4,50.8,10.3124,47.625,10.3124,235,240,108.75,1.25
30s/alf_754_v12.mr,12,101.6,127,12.3556,1.0296,5.16,304.8,2.4,50.8,10.3124,47.625,10.3124,230,223,105.75,0.75
30s/alfa_8c_143_i8.mr,8,65,88,2.3361,0.292,5.75,189,2.1477,34,7,34,7,247,247,111.5,0
30s/austin_bantam_46_i4.mr,4,55.88,76.2,0.7475,0.1869,5,152.4,2,26.1937,6.35,26.1937,6.35,220,240,107.5,-2.5
30s/bmw_120_i6.mr,6,66,96,1.9706,0.3284,6,164,1.7083,31,7,31,7,256,256,107,-1
30s/bugatti_t57_199_i8.mr,8,72,100,3.2572,0.4072,6.2,180,1.8,41,9,41,9,245,240,114.25,-3.25
30s/buick_221_i8.mr,8,73.025,107.95,3.617,0.4521,4.75,228.6,2.1176,33.3375,8.636,30.1625,8.636,238,265,109.75,-7.75
30s/buick_230_i8.mr,8,74.6125,107.95,3.7759,0.472,4.84,228.6,2.1176,37.3062,8.636,34.1313,8.636,238.5,268,109.38,-5.38
30s/buick_233_i8.mr,8,78.5812,98.425,3.8188,0.4773,5.45,184.15,1.871,38.8937,8.4836,34.1313,8.6106,238.5,258.5,111.5,-3.25
30s/buick_235_i8.mr,8,75.4062,107.95,3.8567,0.4821,5.25,228.6,2.1176,37.3062,8.636,34.1313,8.636,238.5,268,109.38,-5.38
30s/buick_258_i6.mr,6,87.3125,117.475,4.2203,0.7034,4.5,254,2.1622,39.6875,8.5598,39.6875,8.5598,230,255,110.25,-5.75
30s/buick_273_i8.mr,8,77.7875,117.475,4.4663,0.5583,4.84,247.65,2.1081,39.6875,8.509,36.5125,8.509,238.5,268,109.38,-5.38
30s/buick_278_i8.mr,8,78.5812,117.475,4.5579,0.5697,5.25,247.65,2.1081,39.6875,8.636,36.5125,8.636,238.5,268,109.38,-5.38
30s/buick_331_i6.mr,6,95.25,127,5.4297,0.9049,4.35,285.75,2.25,47.625,8.3344,39.6875,8.3344,214.8,250.6,114.91,-10.01
30s/buick_345_i8.mr,8,84.1375,127,5.6489,0.7061,4.4,279.4,2.2,45.2437,8.636,40.4812,8.636,238.5,268,109.38,-5.38
30s/cadillac_346_v8.mr,8,88.9,114.3,5.6758,0.7095,6.25,222.25,1.9444,47.7774,8.509,41.4274,8.763,222,242,111,0
30s/cadillac_353_v8.mr,8,85.725,125.4125,5.7908,0.7238,5.15,266.7,2.1266,45.3898,9.1281,43.18,9.1281,250,236,112,-2
30s/cadillac_353_v8_2.mr,8,85.725,125.4125,5.7908,0.7238,5.4,266.7,2.1266,42.2402,9.1281,41.5798,9.1281,228,220,108,0
30s/cadillac_368_v12.mr,12,79.375,101.6,6.033,0.5027,5.3,235,2.313,36.7284,8.7312,36.8808,8.7312,224,224,109.5,-2.5
30s/cadillac_431_v16.mr,16,82.55,82.55,7.0691,0.4418,6.75,161.925,1.9615,38.1,7.366,34.925,7.6708,214,236,103.5,2.5
30s/cadillac_452_v16.mr,16,76.2,101.6,7.4133,0.4633,5.5,235,2.313,36.7284,8.7312,36.8808,8.7312,224,224,109.5,-2.5
30s/chevrolet_181_i6.mr,6,84.1375,88.9,2.9657,0.4943,5.2,165.8945,1.8661,36.9094,7.9756,34.1313,7.9756,218,231,108.25,3.25
30s/chevrolet_207_i6.mr,6,84.1375,101.6,3.3893,0.5649,5.2,190.5,1.875,36.9094,7.9756,34.1313,7.9756,218,231,108.25,3.25
30s/chrysler_218_i6.mr,6,82.55,111.125,3.5685,0.5948,5.2,223.8375,2.0143,38.8937,7.9375,37.3062,7.9375,220,230,111.5,-4.5
30s/chrysler_242_i6.mr,6,85.725,114.3,3.9582,0.6597,6,222.25,1.9444,38.8937,8.7312,37.3062,8.7312,230,230,114,-1
30s/chrysler_261_i8.mr,8,79.375,107.95,4.2734,0.5342,5.3,225.425,2.0882,35.7188,7.9375,35.7188,7.9375,220,234,110.5,4.5
30s/chrysler_268_i6.mr,6,85.725,127,4.398,0.733,4.9,276.225,2.175,43.6626,7.9375,42.0624,7.9375,220,230,111.5,-4.5
30s/chrysler_274_i8.mr,8,82.55,104.775,4.4861,0.5608,6.2,233.3625,2.2273,37.3062,8.7312,35.7188,8.7312,226,230,111,0
30s/chrysler_324_i8.mr,8,82.55,123.825,5.3018,0.6627,6.2,228.6,1.8462,37.3062,8.7312,35.7188,8.7312,226,230,111,0
30s/chrysler_385_i8.mr,8,88.9,127,6.3065,0.7883,5,254,2,43.6563,8.7312,42.0687,8.7312,220,230,111.5,-4.5
30s/continental_322_i8.mr,8,85.725,114.3,5.2777,0.6597,5.25,228.6,2,38.1,9.398,34.925,9.398,225,240,111.25,-1.25
30s/cunningham_472_v8.mr,8,98.425,127,7.7303,0.9663,5,266.7,2.1,50.8,9.525,47.625,9.525,216,236,113,0
30s/desoto_205_i6.mr,6,82.55,104.775,3.3646,0.5608,5.2,223.8375,2.1364,38.8937,7.9375,37.3062,7.9375,220,230,111.5,-4.5
30s/desoto_208_i8.mr,8,73.025,101.6,3.4042,0.4255,5.2,228.6,2.25,35.7378,7.9375,35.7378,7.9375,220,234,110.5,4.5
30s/dodge_190_i6.mr,6,79.375,104.775,3.1108,0.5185,5.2,227.0125,2.1667,37.3126,7.9375,37.3126,7.9375,220,230,111.5,-4.5
30s/dodge_221_i8.mr,8,73.025,107.95,3.617,0.4521,5.2,225.425,2.0882,35.7378,7.9375,35.7378,7.9375,220,234,110.5,4.5
30s/duesenberg_420_i8.mr,8,95.25,120.6,6.8748,0.8593,5.2,247.65,2.0535,38.1,8.89,36.5125,8.89,226,234,105,-2
30s/erskine_205_i6.mr,6,82.55,104.775,3.3646,0.5608,5.2,260.35,2.4848,41.275,7.9375,38.1,7.9375,228,228,111.5,-7.5
30s/essex_160_i6.mr,6,69.85,114.3,2.628,0.438,5.8,207.9625,1.8194,34.925,7.9375,34.925,8.3344,219.6,233,114.35,-5.85
30s/ford_136_v8.mr,8,66.04,81.28,2.2273,0.2784,6.6,155.575,1.9141,32.5374,6.3754,32.5374,6.3754,243.6,243.6,114,1.5
30s/ford_221_v8.mr,8,77.7875,95.25,3.6213,0.4527,5.5,177.8,1.8667,39.0398,7.493,39.0398,7.493,243.6,243.6,114,1.5
30s/ford_239_v8.mr,8,80.9625,95.25,3.9229,0.4904,6.15,177.8,1.8667,39.04,7.4168,39.04,7.4168,224,234,111.5,-0.5
30s/franklin_339_v12.mr,12,76.2,101.6,5.56,0.4633,5.5,228.6,2.25,42.8625,7.9375,38.1,7.9375,237,248.5,108.88,-9.62
30s/franklin_398_v12.mr,12,82.55,101.6,6.5253,0.5438,5.12,228.6,2.25,45.6406,8.7312,40.8781,8.7312,237,248.5,108.88,-9.62
30s/franklin_548_v12.mr,12,88.9,120.65,8.9867,0.7489,5.3,241.3,2,39.6875,7.9375,38.1,7.9375,188,240.5,117.12,-4.88
30s/gaz_m_201_i4.mr,4,98.425,107.95,3.2854,0.8213,4.6,190.5,1.7647,37.6936,8.1,37.6936,8.1,271,253,114,-0.5
30s/gmc_529_i6.mr,6,117.475,133.35,8.6721,1.4454,5.5,266.7,2,53.975,10.3632,49.2125,10.3632,225,240,108.75,1.25
30s/gmc_707_i6.mr,6,127,152.4,11.5833,1.9306,4.83,307.975,2.0208,61.9125,10.4902,55.1656,10.4902,225,240,108.75,1.25
30s/graham_207_i6.mr,6,79.375,114.3,3.3936,0.5656,5.41,234.95,2.0556,39.6875,7.9375,37.3062,8.0645,220,230,107.5,-2.5
30s/graham_299_i8.mr,8,82.55,114.3,4.894,0.6117,5.2,234.95,2.0556,39.6875,7.9375,37.3062,8.0645,220,230,107.5,-2.5
30s/hercules_jxd_320_i6.mr,6,101.6,107.95,5.2511,0.8752,5.82,203.2,1.8824,44.45,9.0424,41.275,9.0424,229,225,111.5,-1
30s/hercules_wxb_298_i6.mr,6,95.25,114.3,4.8867,0.8145,4.4,231.775,2.0278,38.1,9.0424,41.275,9.0424,229,227,112,-0.5
30s/hercules_yxc2_453_i6.mr,6,114.3,120.65,7.4278,1.238,4.77,244.475,2.0263,50.8,9.8552,50.8,9.8552,229,227,112,-0.5
30s/hercules_yxc_428_i6.mr,6,111.125,120.65,7.0209,1.1701,4.4,244.475,2.0263,50.8,9.8552,50.8,9.8552,229,227,112,-0.5
30s/hoffman_181_x8.mr,8,69.85,96.8375,2.9686,0.3711,4.5,188.9125,1.9508,41.275,8.7312,41.275,8.7312,298,272,98,6
30s/horch_215_v8.mr,8,78,92,3.5169,0.4396,6.3,207,2.25,38,7.5,38,7.5,250,254,108,1
30s/horch_233_v8.mr,8,78,100,3.8227,0.4778,5.8,207,2.07,38,7.5,38,7.5,219,222,105.75,0.25
30s/horch_302_i8.mr,8,87,104,4.946,0.6182,6,208,2,33,7,33,7,240,240,113,1
30s/hs_j12_575_v12.mr,12,100,100,9.4248,0.7854,5,250,2.5,47,10,47,10,232,245,113.25,4.25
30s/hs_j12_690_v12.mr,12,100,120,11.3097,0.9425,5,250,2.0833,47,10,47,10,232,245,113.25,4.25
30s/hudson_175_i6.mr,6,73.025,114.3,2.8723,0.4787,5.8,207.9625,1.8194,34.925,7.9375,34.925,8.3344,237,243,112.5,1
30s/hudson_193_i6.mr,6,74.6125,120.65,3.1651,0.5275,5.5,207.9625,1.7237,34.925,8.7312,34.925,8.7312,250.4,248.4,110.29,-4.51
30s/hudson_212_i6.mr,6,76.2,127,3.475,0.5792,6.25,207.9625,1.6375,34.925,8.7312,34.925,8.7312,250.4,248.4,110.29,-4.51
30s/hudson_214_i8.mr,8,69.85,114.3,3.504,0.438,5.8,207.9625,1.8194,38.1,7.9248,34.925,8.3058,237,243,112.5,1
30s/hudson_234_i8.mr,8,73.025,114.3,3.8297,0.4787,5.8,207.9625,1.8194,38.1,7.9248,34.925,8.3058,250.4,248.4,110.29,-4.51
30s/hudson_254_i8.mr,8,76.2,114.3,4.17,0.5212,5.8,207.9625,1.8194,38.1,8.7312,34.925,8.7312,250.4,248.4,110.29,-4.51
30s/hupmobile_224_i6.mr,6,88.9,98.425,3.6656,0.6109,5.32,214.3125,2.1774,42.037,8.7312,38.862,8.7312,233,227,112.5,-2
30s/hupmobile_245_i6.mr,6,88.9,107.95,4.0204,0.6701,5.75,209.55,1.9412,42.037,8.7312,38.862,8.7312,233,227,112.5,-2
30s/hupmobile_303_i8.mr,8,80.9625,120.65,4.9691,0.6211,5.8,241.3,2,44.323,8.7312,40.386,8.7312,232,226,110.5,-2.5
30s/hupmobile_365_i8.mr,8,88.9,120.65,5.9912,0.7489,5.2,241.3,2,44.323,7.239,40.386,7.239,230,230,114,-2
30s/kissel_185_i6.mr,6,73.025,120.65,3.0319,0.5053,5.15,241.3,2,38.8937,8.7312,35.7188,8.7312,225,240,108.75,1.25
30s/kissel_247_i8.mr,8,73.025,120.65,4.0425,0.5053,5.15,241.3,2,38.8937,8.7312,35.7188,8.7312,225,240,111.25,-1.25
30s/kissel_299_i8.mr,8,82.55,114.3,4.894,0.6117,5.3,228.6,2,41.275,8.7312,38.1,8.7312,225,240,111.25,-1.25
30s/lasalle_240_i8.mr,8,76.2,107.95,3.9383,0.4923,6.5,228.6,2.1176,39.6875,8.7312,36.5125,8.7312,211,219,108,-3.5
30s/lasalle_247_i8.mr,8,76.2,111.125,4.0542,0.5068,6.25,228.6,2.0571,39.6748,7.9375,36.0934,7.9375,211,219,108,-3.5
30s/lasalle_322_v8.mr,8,85.725,114.3,5.2777,0.6597,6.25,222.25,1.9444,47.752,8.509,41.402,8.763,222,242,111,0
30s/lasalle_340_v8.mr,8,84.1375,125.4125,5.5783,0.6973,5.18,266.7,2.1266,45.3898,9.1281,43.18,9.1281,250,236,112,-2
30s/lincoln_267_v12.mr,12,69.85,95.25,4.3799,0.365,6.7,187.96,1.9733,39.0398,7.4168,39.0398,7.4168,253.6,253.6,109,1.5
30s/lincoln_382_v12.mr,12,76.2,114.3,6.255,0.5212,5.25,276.225,2.4167,42.8625,7.9375,42.8625,7.9375,248,248,108,5
30s/lincoln_384_v8.mr,8,88.9,127,6.3065,0.7883,4.95,317.5,2.5,50.8,8.7312,47.625,8.7312,268.5,228.5,113,1.25
30s/lincoln_414_v12.mr,12,79.375,114.3,6.7871,0.5656,6.38,276.225,2.4167,42.8625,7.9375,42.8625,7.9375,250,248,108.5,4.5
30s/lincoln_448_v12.mr,12,82.55,114.3,7.3409,0.6117,5.25,301.625,2.6389,50.8,8.7312,50.8,8.7312,248,248,108,5
30s/lycoming_210_i6.mr,6,77.7875,120.65,3.4402,0.5734,6.2,241.3,2,39.6875,7.9375,35.7188,7.9375,225,240,108.75,1.25
30s/lycoming_269_i8.mr,8,76.2,120.65,4.4017,0.5502,5.26,241.3,2,36.5125,8.7312,35.7188,8.7312,225,240,108.75,1.25
30s/lycoming_280_i8.mr,8,77.7875,120.65,4.587,0.5734,5.3,241.3,2,36.5125,8.7312,35.7188,8.7312,225,240,108.75,1.25
30s/lycoming_289_v8.mr,8,88.9,95.25,4.7299,0.5912,6.5,193.675,2.0333,43.6563,8.7312,38.4969,8.7312,225,235,108.75,3.75
30s/lycoming_391_v12.mr,12,79.375,107.95,6.41,0.5342,5.75,239.7125,2.2206,42.0687,8.7312,38.8937,8.7312,225,240,111.25,-1.25
30s/lycoming_491_v16.mr,16,79.375,101.6,8.044,0.5027,5.5,239.7125,2.3594,42.0687,8.7312,38.8937,8.7312,225,240,111.25,-1.25
30s/lycoming_526_v12.mr,12,92.075,107.95,8.6254,0.7188,5.75,239.7125,2.2206,46.8312,8.7312,46.8312,8.7312,225,240,111.25,-1.25
30s/mack_eo_519_i6.mr,6,111.125,146.05,8.499,1.4165,5.5,319.0875,2.1848,55.372,12.7,48.006,12.7,235,235,107.5,0
30s/marmon_211_i8.mr,8,71.4375,107.95,3.4614,0.4327,5.25,215.9,2,37.3062,8.3344,34.1313,8.3344,226,226,107,0
30s/marmon_303_i8.mr,8,80.9625,120.65,4.9691,0.6211,5.5,241.3,2,42.7736,8.7312,39.6748,8.7312,230,240,112.5,-2.5
30s/marmon_315_i8.mr,8,82.55,120.65,5.1658,0.6457,5.5,241.3,2,42.8625,8.7312,39.6875,8.7312,230,240,112.5,-2.5
30s/marmon_368_v12.mr,12,79.375,101.6,6.033,0.5027,6,203.2,2,39.6875,8.3344,34.925,8.3344,226,226,107,0
30s/marmon_491_v16.mr,16,79.375,101.6,8.044,0.5027,6,203.2,2,39.6875,8.3344,34.925,8.3344,226,226,107,0
30s/marquette_213_i6.mr,6,79.375,117.475,3.4878,0.5813,5.2,247.65,2.1081,41.275,8.2296,38.1,8.2296,230,243,106.75,-3.25
30s/maybach_425_v12.mr,12,86,100,6.9706,0.5809,5.6,225,2.25,40,7.9,40,7.9,226,226,107,0
30s/maybach_hl116_674_i6.mr,6,125,150,11.0447,1.8408,6.5,270,1.8,65,13,53,11,240,240,107.5,-2.5
30s/maybach_hl120_729_v12.mr,12,105,115,11.9494,0.9958,6.5,225,1.9565,57,10,48,10,230,230,110,0
30s/maybach_hl210_1303_v12.mr,12,125,145,21.353,1.7794,6.8,267.5,1.8448,74.2,12,59.2,12,240,240,107.5,-2.5
30s/maybach_hl230_1409_v12.mr,12,130,145,23.0954,1.9246,6.8,267.5,1.8448,74.2,12,59.2,12,240,240,107.5,-2.5
30s/mercedes_m136_104_i4.mr,4,73.5,100,1.6972,0.4243,6.5,194,1.94,34,7,32.2,7,270,270,109.5,-3
30s/mercedes_m143_136_i6.mr,6,72.5,90,2.2293,0.3715,6.6,150,1.6667,31.5,7,30.2,7,270,270,109.5,-3
30s/mercedes_m147_245_v8.mr,8,82,95,4.0136,0.5017,6.3,190,2,40,8.5,38,8.5,270,270,109.5,-3
30s/mercedes_m148_367_v12.mr,12,82,95,6.0204,0.5017,6.3,190,2,40,8.5,38,8.5,270,270,109.5,-3
30s/miller_303_v16.mr,16,66.675,88.9,4.9664,0.3104,11,177.8,2,32.5437,7.9375,32.5437,7.9375,220,232,109.5,-0.5
30s/mt_5_1240_v8.mr,8,140,165,20.3198,2.54,4.8,290,1.7576,56,13,56,13,252,272,111.25,-4.75
30s/mzma_400_66_i4.mr,4,67.5,75,1.0735,0.2684,5.8,160,2.1333,28.6,7,28.6,7,224,236,109.5,2.5
30s/nash_201_i6.mr,6,79.375,111.125,3.2993,0.5499,5,209.55,1.8857,38.8937,7.9375,35.7188,7.9375,220,230,112.5,-2.5
30s/nash_242_i6.mr,6,85.725,114.3,3.9582,0.6597,5,228.6,2,42.0687,8.9662,42.0687,8.9662,203,235,112,-4.5
30s/oakland_251_v8.mr,8,87.3125,85.725,4.1062,0.5133,5.1,168.275,1.963,38.1,7.9375,34.925,7.9375,220,240,107.5,-2.5
30s/oldsmobile_197_i6.mr,6,80.9625,104.775,3.2364,0.5394,5.2,228.6,2.1818,38.8937,8.128,35.7188,8.128,230,230,110,-5
30s/opel_109_i6.mr,6,65,90,1.7919,0.2986,5.75,182,2.0222,28.5,7,28.5,7,224,236,109.5,2.5
30s/opel_118_i6.mr,6,67.5,90,1.9324,0.3221,5.75,182,2.0222,32,7,28.5,7,224,236,109.5,2.5
30s/opel_151_i6.mr,6,80,82,2.4731,0.4122,6,152,1.8537,36,8,34,8,233,227,112.5,-2
30s/opel_213_i6.mr,6,79.4,117.5,3.4908,0.5818,5.5,247.66,2.1077,42,9,39,9,230,243,106.75,-3.25
30s/opel_221_i6.mr,6,90,95,3.6262,0.6044,6,172,1.8105,41.5,9,37,9,228,236,111,1
30s/opel_61_i4.mr,4,65,75,0.9955,0.2489,6,189.5,2.5267,32,7,28.5,7,224,236,109.5,2.5
30s/opel_66_i4.mr,4,67.5,75,1.0735,0.2684,6,160,2.1333,28.5,7,28.5,7,224,236,109.5,2.5
30s/opel_73_i4.mr,4,65,90,1.1946,0.2986,6,182,2.0222,32,7,28.5,7,224,236,109.5,2.5
30s/opel_79_i4.mr,4,67.5,90,1.2882,0.3221,6,182,2.0222,32,7,28.5,7,224,236,109.5,2.5
30s/opel_91_i4.mr,4,80,74,1.4879,0.372,6,152,2.0541,36,8,34,8,228,236,111,1
30s/packard_237_i6.mr,6,87.3125,107.95,3.8781,0.6463,6.3,195.2625,1.8088,40.0844,7.62,35.7188,7.62,224,230,108.5,1.5
30s/packard_282_i8.mr,8,82.55,107.95,4.6221,0.5778,6.5,195.2625,1.8088,38.8937,7.62,35.7188,7.62,224,230,108.5,1.5
30s/packard_319_i8.mr,8,80.9625,127,5.2306,0.6538,6.5,276.225,2.175,42.0687,9.0932,37.3062,9.0932,275,275,107.5,0
30s/packard_385_i8.mr,8,88.9,127,6.3065,0.7883,6.38,276.225,2.175,46.0375,9.0932,42.8625,9.0932,265,265,112.5,0
30s/packard_390_v12.mr,12,87.3125,88.9,6.3874,0.5323,6,231.775,2.6071,42.0687,7.9375,42.0687,7.9375,225,225,107.5,-5
30s/packard_445_v12.mr,12,87.3125,101.6,7.2999,0.6083,6,231.775,2.2812,42.0687,7.9375,42.0687,7.9375,225,225,107.5,-5
30s/packard_473_v12.mr,12,87.3125,107.95,7.7562,0.6463,6.4,228.6,2.1176,42.0687,7.9375,42.0687,7.9375,225,225,107.5,-5
30s/pierce_arrow_366_i8.mr,8,88.9,120.65,5.9912,0.7489,5.05,229.3366,1.9008,42.0687,9.1186,39.6875,9.1186,220,232,109.5,-5.5
30s/pierce_arrow_385_i8.mr,8,88.9,127,6.3065,0.7883,5.07,228.6,1.8,42.0687,9.1186,39.6875,9.1186,220,232.3,109.58,-5.42
30s/pierce_arrow_398_v12.mr,12,82.55,101.6,6.5253,0.5438,5.05,252.3744,2.484,42.0687,7.9248,39.6875,7.9248,236,236,108,-6
30s/pierce_arrow_429_v12.mr,12,85.725,101.6,7.0369,0.5864,5.05,252.3744,2.484,42.0687,7.9248,39.6875,7.9248,236,236,108,-6
30s/pierce_arrow_462_v12.mr,12,88.9,101.6,7.5678,0.6306,6,252.3744,2.484,42.0687,7.9248,39.6875,7.9248,268,264,109.5,-5.5
30s/plymouth_190_i6.mr,6,79.375,104.775,3.1108,0.5185,5.5,204.7875,1.9545,37.3062,7.9375,37.3062,7.9375,220,230,111.5,-4.5
30s/plymouth_196_i4.mr,4,92.075,120.65,3.2134,0.8033,4.9,217.4875,1.8026,43.6563,7.1437,40.4812,7.1437,220,232,114,-1
30s/plymouth_196_i4_2.mr,4,92.075,120.65,3.2134,0.8033,4.9,217.4875,1.8026,46.8312,7.9375,32.5437,7.9375,220,230,111.5,-4.5
30s/plymouth_201_i6.mr,6,79.375,111.125,3.2993,0.5499,6.7,201.6125,1.8143,37.3062,7.9375,37.3062,7.9375,220,230,111.5,-4.5
30s/pontiac_200_i6.mr,6,84.1375,98.425,3.2834,0.5472,4.9,185.7375,1.8871,35.7188,7.9375,34.1313,7.9375,212,229,110.25,-2.75
30s/pontiac_208_i6.mr,6,85.725,98.425,3.4085,0.5681,6.2,195.2625,1.9839,38.8937,7.5406,37.3062,7.5406,224,230,108.5,1.5
30s/pontiac_223_i6.mr,6,87.3125,101.6,3.65,0.6083,6.2,192.0875,1.8906,40.4813,7.5406,37.3062,7.5406,224,230,108.5,1.5
30s/pontiac_223_i8.mr,8,80.9625,88.9,3.6614,0.4577,5.7,195.2625,2.1964,35.7188,7.5406,34.1313,7.5406,224,230,108.5,1.5
30s/pontiac_232_i8.mr,8,82.55,88.9,3.8064,0.4758,6.2,195.2625,2.1964,35.7188,7.5406,34.1313,7.5406,224,230,108.5,1.5
30s/pontiac_249_i8.mr,8,82.55,95.25,4.0783,0.5098,6.2,192.0875,2.0167,37.3062,7.5406,34.1313,7.5406,224,230,108.5,1.5
30s/porsche_t101_919_v10.mr,10,115,145,15.061,1.5061,5.9,280,1.931,63,12,51,12,245,245,109,-2.5
30s/reo_228_i6.mr,6,85.725,107.95,3.7383,0.6231,7,266.7,2.4706,46.0375,7.9375,46.0375,7.9375,230,230,114,-1
30s/reo_268_i6.mr,6,85.725,127,4.398,0.733,5.3,266.7,2.1,46.0375,7.9375,46.0375,7.9375,230,227,113.25,-1.75
30s/reo_269_i8.mr,8,76.2,120.65,4.4017,0.5502,5.37,247.65,2.0526,38.4969,8.7376,34.925,8.7376,225,235,110,2.5
30s/reo_358_i8.mr,8,85.725,127,5.8641,0.733,5.3,266.7,2.1,46.0375,8.7312,42.8625,8.7312,230,230,114,-1
30s/s60_1127_i4.mr,4,165,216,18.4744,4.6186,3.96,406,1.8796,81,16.7,76,16.7,212,225,109.25,-6.75
30s/studebaker_221_i6.mr,6,85.725,104.775,3.6284,0.6047,4.8,260.35,2.4848,41.275,7.9375,38.1,7.9375,228,228,111.5,-7.5
30s/studebaker_221_i8.mr,8,77.7875,95.25,3.6213,0.4527,5,209.55,2.2,35.7188,7.1437,32.5437,7.1437,228,228,111.5,-2.5
30s/studebaker_248_i6.mr,6,85.725,117.475,4.0682,0.678,4.8,254,2.1622,41.275,7.9375,38.1,7.9375,228,228,111.5,-7.5
30s/studebaker_250_i8.mr,8,77.7875,107.95,4.1041,0.513,5,203.2,1.8824,35.7188,7.1437,32.5437,7.1437,228,228,111.5,-2.5
30s/studebaker_337_i8.mr,8,88.9,111.125,5.5182,0.6898,5.05,234.1562,2.1071,42.0687,8.7312,39.6875,8.7312,220,232,109.5,-5.5
30s/stutz_242_i6.mr,6,85.725,114.3,3.9582,0.6597,5.3,234.95,2.0556,42.0687,8.7312,42.0687,8.7312,236,236,114,-3
30s/stutz_dv32_322_i8.mr,8,85.725,114.3,5.2777,0.6597,5,234.95,2.0556,32.5437,8.7312,32.5437,8.7312,231,231,108,-2.5
30s/stutz_sv16_322_i8.mr,8,85.725,114.3,5.2777,0.6597,5.5,234.95,2.0556,42.0687,8.7312,42.0687,8.7312,236,236,114,-3
30s/stz_385_i4.mr,4,115,152,6.3152,1.5788,4.13,330,2.1711,56,12,56,12,230,240,107.5,2.5
30s/stz_nati_455_i4.mr,4,125,152,7.4613,1.8653,4,330,2.1711,56,12,56,12,210,240,112,-1
30s/t26_403_i4.mr,4,120,146,6.6049,1.6512,4.8,279.4,1.9137,58,13,54.6,13,272.3,275.3,114.1,-4.8
30s/tatra_t80_366_v12.mr,12,75,113,5.9906,0.4992,5.3,230,2.0354,40,8.5,40,8.5,226,226,107,0
30s/universal_220_i4.mr,4,95,127,3.6008,0.9002,4.1,255,2.0079,45,6.92,45,7.72,210,240,112.5,0
30s/viking_259_v8.mr,8,85.725,92.075,4.2514,0.5314,5.1,180.975,1.9655,37.3062,8.636,34.1313,8.5344,232,232,110,-5
30s/waukesha_39_b2.mr,2,76.2,69.85,0.6371,0.3185,5.5,117.475,1.6818,34.925,7.62,29.3687,7.62,260,260,110,0
30s/white_251_i6.mr,6,87.3125,114.3,4.1062,0.6844,6.13,240.5065,2.1042,42.0687,10.0584,41.275,10.0584,225,230,106.25,3.75
30s/white_263_i6.mr,6,92.075,107.95,4.3127,0.7188,6.11,203.2,1.8824,44.45,9.0424,41.275,9.0424,225,225,112.5,-1.88
30s/white_269_i6.mr,6,90.4875,114.3,4.4103,0.735,5.88,240.5065,2.1042,42.0687,10.0584,41.275,10.0584,225,230,106.25,3.75
30s/white_362_i6.mr,6,98.425,130.175,5.9426,0.9904,5.88,240.5065,1.8476,42.0687,9.6774,42.8625,9.6774,240,240,107.5,2.5
30s/white_396_i6.mr,6,101.6,133.35,6.4867,1.0811,5,266.7,2,50.8,9.6774,50.8,9.6774,231,231,113,-2.5
30s/white_434_i6.mr,6,106.3625,133.35,7.109,1.1848,5,266.7,2,50.8,9.6774,50.8,9.6774,231,231,113,-2.5
30s/white_460_i6.mr,6,109.5375,133.35,7.5398,1.2566,5,266.7,2,50.8,9.6774,50.8,9.6774,231,231,113,-2.5
30s/white_464_f12.mr,12,92.075,95.25,7.6106,0.6342,6.25,190.5,2,44.45,9.525,38.8937,9.525,230,223,105.75,0.75
30s/white_505_f12.mr,12,96.0438,95.25,8.2808,0.6901,6.25,190.5,2,44.45,9.525,38.8937,9.525,230,223,105.75,0.75
30s/white_529_i6.mr,6,117.475,133.35,8.6721,1.4454,5,266.7,2,53.975,9.6774,51.5938,9.6774,231,231,113,-2.5
30s/white_682_f12.mr,12,104.775,107.95,11.1689,0.9307,5.88,203.9938,1.8897,46.99,9.6774,44.45,9.6774,230,223,105.75,0.75
30s/white_811_f12.mr,12,114.3,107.95,13.2919,1.1077,5.88,203.9938,1.8897,46.99,9.6774,44.45,9.6774,230,223,105.75,0.75
30s/willys_134_i4.mr,4,79.375,111.125,2.1995,0.5499,6.48,233.3625,2.1,38.8937,9.1186,37.3062,9.1186,239,239,109,-1.5
30s/zis_101_352_i8.mr,8,85,127,5.7653,0.7207,4.8,280,2.2047,45,8.75,40,8.75,254.6,267.6,106.75,-4.25
30s/zis_5_339_i6.mr,6,101.6,114.3,5.56,0.9267,4.7,231.78,2.0278,47.56,9.14,44.58,9.14,229,227,112,-0.5
40s/bantam_50_i4.mr,4,57.404,79.375,0.8217,0.2054,7.4,146.05,1.84,28.575,6.5278,26.1938,6.5278,249,249,109,3.5
40s/bedford_1296_f12.mr,12,127,139.7,21.2361,1.7697,5.5,254,1.8182,63.5,12.7,63.5,12.7,230,223,105.75,0.75
40s/buick_248_i8.mr,8,78.5812,104.775,4.0651,0.5081,6.3,193.675,1.8485,38.8937,8.8392,34.1313,8.6868,261,257,112,-5.5
40s/buick_320_i8.mr,8,87.3125,109.5375,5.2468,0.6559,6.7,209.55,1.913,45.2437,8.8138,36.5125,8.8392,265,261,112,-6.5
40s/chevrolet_216_i6.mr,6,88.9,95.25,3.5474,0.5912,6.25,173.037,1.8167,41.6719,7.4854,37.3062,7.9197,218,231,108.25,2.25
40s/chrysler_a57_1253_r30.mr,30,87.3125,114.3,20.531,0.6844,6.2,200.025,1.75,43.6563,9.6266,38.8937,9.6266,236,236,109,3
40s/ford_226_i6.mr,6,83.82,111.76,3.7002,0.6167,6.7,177.8,1.5909,41.148,8.89,37.694,8.89,232,238,107,2
40s/ford_337_v8.mr,8,88.9,111.125,5.5182,0.6898,7,177.8,1.6,45.974,9.144,40.005,9.144,239,239,108,2.5
40s/ford_gaa_1100_v8.mr,8,137.2108,152.4,18.0277,2.2535,7.5,266.7,1.75,53.848,12.7,48.26,12.7,240,240,112.5,-2.5
40s/gaz_12_213_i6.mr,6,82,110,3.4855,0.5809,6.7,202,1.8364,39,9.2,36,9.2,240,240,109,-2
40s/gaz_m20_129_i4.mr,4,82,100,2.1124,0.5281,6.2,202,2.02,38,9.2,36,9.2,240,240,109,-2
40s/graham_218_i6.mr,6,82.55,111.125,3.5685,0.5948,6.65,177.8,1.6,38.4969,7.9375,33.7344,7.9375,232,232,111.5,0
40s/kim_10_72_i4.mr,4,63.5,92.5,1.1718,0.2929,5.75,163,1.7622,29.33,7.11,26.8,7.11,244,244,110,0
40s/lincoln_292_v12.mr,12,73.025,95.25,4.7872,0.3989,7.2,187.96,1.9733,39.0398,7.4168,39.0398,7.4168,226,239,107,4.42
40s/lincoln_305_v12.mr,12,74.6125,95.25,4.9976,0.4165,7.1,187.96,1.9733,39.0398,7.4168,39.0398,7.4168,226,239,107,4.42
40s/nash_235_i6.mr,6,85.725,111.125,3.8483,0.6414,6,222.25,2,44.45,8.7312,40.4813,8.7312,275,234.5,112.62,-0.38
40s/oldsmobile_230_i6.mr,6,87.3125,104.775,3.764,0.6273,6.1,198.4375,1.8939,39.6875,7.6962,36.1156,7.5692,230,230,110,0
40s/oldsmobile_238_i6.mr,6,88.9,104.775,3.9021,0.6504,6.5,198.4375,1.8939,39.6875,7.9375,36.1156,7.9375,230,230,110,0
40s/oldsmobile_257_i8.mr,8,82.55,98.425,4.2142,0.5268,6.3,198.4375,2.0161,39.6875,7.2644,36.1156,7.9502,215,235,107.5,0
40s/packard_288_i8.mr,8,88.9,95.25,4.7299,0.5912,7,201.6125,2.1167,42.4656,8.6868,36.5125,8.6868,240,239,107.75,2.75
40s/packard_356_i8.mr,8,88.9,117.475,5.8335,0.7292,7,234.95,2,42.4656,8.6868,36.5125,8.6868,235,239,111.5,-2
40s/porsche_369_66_b4.mr,4,73.5,64,1.0862,0.2715,7,136,2.125,38,8.5,34.5,8.2,220,220,107.5,0
40s/studebaker_164_i6.mr,6,76.2,98.425,2.6931,0.4489,6.5,163.5125,1.6613,34.1313,7.9375,32.5438,7.9375,244,244,109.5,2.5
40s/studebaker_226_i6.mr,6,84.1375,111.125,3.7071,0.6178,6,206.375,1.8571,37.3062,8.7312,32.5438,8.7312,244,244,109.5,2.5
40s/studebaker_250_i8.mr,8,77.7875,107.95,4.1041,0.513,6,203.2,1.8824,35.7188,8.7312,32.5437,8.7312,244,244,109.5,2.5
40s/zis_110_367_i8.mr,8,90,118,6.0055,0.7507,6.85,235,1.9915,42.5,8.675,35.5,8.675,317.6,318.1,111.27,-19.27
40s/zis_124_339_i6.mr,6,101.6,114.3,5.56,0.9267,6,217,1.8985,48.5,10.42,44,10.42,269,269,113.5,-1
50s/buick_263_i8.mr,8,80.9625,104.775,4.3152,0.5394,6.6,193.675,1.8485,38.8937,8.8392,34.1313,8.6868,261,257,112,-5.5
50s/chevrolet_283_v8.mr,8,98.425,76.2,4.6382,0.5798,9.5,144.8562,1.901,49.276,10.127,38.1,10.127,287,287,110.5,2
50s/ford_239_v8.mr,8,88.9,78.74,3.91,0.4888,7.2,160.63,2.04,41.834,8.763,38.354,8.763,232,232,109.5,1.5
50s/ford_256_v8.mr,8,92.075,78.74,4.1943,0.5243,7.5,160.63,2.04,45.212,9.144,38.354,9.144,246,246,113,2
50s/ford_272_v8.mr,8,92.075,83.82,4.4649,0.5581,7.6,160.63,1.9164,45.212,9.144,38.354,8.1026,246,246,113,2
50s/ford_292_v8.mr,8,95.25,83.82,4.7781,0.5973,8.1,160.63,1.9164,45.212,9.144,38.354,8.1026,246,246,113,2
50s/ford_312_v8.mr,8,96.52,87.376,5.1145,0.6393,8.4,158.8,1.8174,45.212,9.8,38.354,9.754,246,246,113,2
50s/ford_332_v8.mr,8,101.6,83.82,5.4364,0.6796,9.5,166.116,1.9818,51.4858,10.1346,39.5224,10.1346,252,256,112,7
50s/ford_352_v8.mr,8,101.6,88.9,5.7659,0.7207,10.5,166.116,1.8686,51.4858,10.1346,39.5224,10.1346,252,256,112,7
50s/ford_361_v8.mr,8,102.87,88.9,5.911,0.7389,10.5,166.116,1.8686,51.4858,10.4394,39.5224,10.4394,252,256,112,7
50s/ford_383_v8.mr,8,109.22,83.82,6.2825,0.7853,10.5,167.64,2,52.832,11.2014,44.958,11.2014,276,276,111,-2
50s/ford_410_v8.mr,8,106.68,93.98,6.7202,0.84,10.5,167.64,1.7838,52.832,11.2014,44.958,11.2014,270,270,110.5,-2.5
50s/ford_430_v8.mr,8,109.22,93.98,7.044,0.8805,10.5,167.64,1.7838,54.356,11.2014,44.958,11.2014,270,270,110.5,-2.5
50s/gaz_13_337_v8.mr,8,100,88,5.5292,0.6912,8.5,168,1.9091,44,9.07,36,8.14,268,268,107,-3
50s/gaz_51_213_i6.mr,6,82,110,3.4855,0.5809,6.2,202,1.8364,41,9.2,37.5,9.2,240,240,109,-2
50s/hudson_308_i6.mr,6,96.8375,114.3,5.051,0.8418,7.5,206.375,1.8056,46.5074,8.7884,39.5224,8.7884,293.8,282.3,112.97,-0.22
50s/lancia_appia_67_v4.mr,4,68,75,1.0895,0.2724,7.8,160,2.1333,30,6,27.5,6,247,247,108.5,0
50s/lancia_aurelia_122_v6.mr,6,72,81.5,1.991,0.3318,7.8,160,1.9632,34,7.5,31,7.5,263,263,112,-3.5
50s/lincoln_279_v8.mr,8,90.4875,88.9,4.5736,0.5717,7.2,179.451,2.0186,50.8,8.9916,38.4969,8.9916,256,256,109,-1
50s/lincoln_318_v8.mr,8,96.52,88.9,5.2037,0.6505,8,179.451,2.0186,50.8,8.9916,38.354,8.9916,256,256,109,-1
50s/lincoln_368_v8.mr,8,101.6,92.964,6.0295,0.7537,9,179.451,1.9303,50.8,10.6172,41.6719,10.6172,268,268,110.5,-5.5
50s/m72_46_b2.mr,2,78,78,0.7454,0.3727,5.5,150,1.9231,38,6.3,38,6.3,348,348,110,12
50s/oldsmobile_394_v8.mr,8,104.775,93.6625,6.4604,0.8076,9.75,177.7492,1.8978,47.625,11.05,39.6875,11.1,250,264,110.5,1.5
50s/packard_289_v8.mr,8,90.4875,92.075,4.7369,0.5921,7.5,168.275,1.8276,42.0687,9.1281,38.8937,9.1281,245.4,245.4,110.18,-1.5
50s/packard_320_v8.mr,8,96.8375,88.9,5.238,0.6548,8.5,172.2437,1.9375,49.2,9.4996,42.85,9.4996,250,250,109,-2
50s/packard_327_i8.mr,8,88.9,107.95,5.3605,0.6701,7,195.2625,1.8088,42.4656,8.6868,36.5125,8.6868,238,237,109.25,5.25
50s/packard_352_v8.mr,8,101.6,88.9,5.7659,0.7207,9.5,172.2437,1.9375,50.8,10.1092,42.85,9.8552,256,252,111,-3
50s/packard_359_i8.mr,8,90.4875,114.3,5.8804,0.735,8.7,195.2625,1.7083,45.6406,8.6868,36.5125,8.6868,238,237,109.25,0.25
50s/packard_374_v8.mr,8,104.775,88.9,6.1319,0.7665,10,172.2437,1.9375,50.8,10.1092,42.85,9.8552,256,252,111,-3
50s/porsche_506_1_79_b4.mr,4,74.5,74,1.2903,0.3226,6.5,136,1.8378,38,8.5,34.5,8.2,220,220,107.5,0
50s/porsche_506_79_b4.mr,4,80,64,1.2868,0.3217,6.5,136,2.125,38,8.5,34.5,8.2,220,220,107.5,0
50s/porsche_546_91_b4.mr,4,80,74,1.4879,0.372,7,136,1.8378,38,8.5,34.5,8.2,220,220,107.5,0
50s/porsche_616_97_b4.mr,4,82.5,74,1.5823,0.3956,7,136,1.8378,38,9.27,34.5,8.97,265,260,108.25,3.75
50s/rr_phantom_iv_346_i8.mr,8,88.9,114.3,5.6758,0.7095,6.4,201.93,1.7667,46.8312,7.62,43.6563,7.747,227,222,109.75,-0.25
50s/studebaker_224_v8.mr,8,90.4875,71.4375,3.6752,0.4594,7,168.275,2.3556,42.0688,9.1281,38.8937,9.1281,245.5,245.5,110.25,-1.5
50s/studebaker_233_v8.mr,8,85.725,82.55,3.8116,0.4765,7,168.275,2.0385,35.7188,9.1281,32.5437,9.1281,245.5,245.5,110.25,-1.5
50s/studebaker_259_v8.mr,8,90.4875,82.55,4.2469,0.5309,7,168.275,2.0385,42.0688,9.1281,38.8937,9.1281,245.5,245.5,110.25,-1.5
50s/tucker_334_b6.mr,6,114.3,88.9,5.4731,0.9122,7,150,1.6873,57.15,12.7,44.45,12.7,270,270,110,0
50s/tucker_589_b6.mr,6,127,127,9.6528,1.6088,6.5,215.9,1.7,52.3875,12.7,49.2125,12.7,240,240,110,0
50s/zil_111_364_v8.mr,8,100,95,5.969,0.7461,9,175,1.8421,49.5,10,40,10,260.5,261,107.88,-6.38
50s/zis_122_679_f12.mr,12,101.6,114.3,11.12,0.9267,6,217,1.8985,48.5,10.42,44,10.42,269,269,113.5,-1
50s/zmz_21_149_i4.mr,4,92,92,2.4463,0.6116,6.7,168,1.8261,44,9.5,36,8.5,268,252,107,-3
60s/buick_198_v6.mr,6,92.075,81.28,3.2472,0.5412,8.8,151.384,1.8625,41.275,9.9314,34.925,10.1854,285,295,111.5,0
60s/buick_225_v6.mr,6,95.25,86.36,3.6922,0.6154,9,151.384,1.7529,41.275,9.9314,34.925,10.1854,285,295,111.5,0
60s/buick_456_v8.mr,8,109.5375,99.06,7.468,0.9335,10,163.5125,1.6506,50.8,11.5316,41.275,11.5316,260,260,110,4
60s/cadillac_472_v8.mr,8,109.22,103.124,7.7294,0.9662,10.5,171.45,1.6626,50.8,11.176,41.275,11.5316,198,202,115.5,-4
60s/chrysler_170_i6.mr,6,86.36,79.375,2.7897,0.4649,8.5,144.9578,1.8262,41.148,9.525,34.544,9.525,232,228,111,1
60s/chrysler_225_i6.mr,6,86.36,104.775,3.6823,0.6137,8.4,170.1546,1.624,41.148,10.033,34.544,9.271,240,236,111,1
60s/chrysler_440_v8.mr,8,109.728,95.25,7.2058,0.9007,10,171.704,1.8027,52.832,10.795,44.196,11.049,260,268,113,0
60s/corvair_293_b10.mr,10,90.4875,74.676,4.8023,0.4802,9,119.888,1.6054,40.4876,9.652,34.925,9.652,352,352,108,-14
60s/ferrari_f101_268_v12.mr,12,81,71,4.3904,0.3659,8.8,137,1.9296,42,9.4,37.4,8.59,271,264,92.25,1.75
60s/ford_144_i6.mr,6,88.9,63.5,2.3649,0.3942,8.7,123.317,1.942,37.2618,9.144,32.1564,9.144,232,232,105,4
60s/ford_170_i6.mr,6,88.9,74.676,2.7812,0.4635,8.7,119.761,1.6037,38.6588,8.8392,32.1564,8.8392,240,240,106.5,-4.5
60s/ford_289_v8.mr,8,101.6,72.898,4.7281,0.591,10,130.937,1.7962,45.212,12.954,36.83,12.954,318,304,108.5,1.5
60s/ford_460_v8.mr,8,110.744,97.79,7.5355,0.9419,9,167.767,1.7156,52.8955,11.0998,41.9989,12.2174,256,270,113.5,-6.5
60s/ford_462_v8.mr,8,111.252,97.282,7.5653,0.9457,10.25,167.64,1.7232,51.5874,11.176,42.0688,11.176,222,258,103,5
60s/ford_boss_352_v8.mr,8,101.6,88.9,5.7659,0.7207,11,146.812,1.6514,55.753,11.4046,43.5356,12.0142,204,214,112,0
60s/gaz_14_337_v8.mr,8,100,88,5.5292,0.6912,8.5,168,1.9091,47,10,39,10,252,252,107,-3
60s/gmc_478_v6.mr,6,130.175,98.044,7.8292,1.3049,7.5,182.88,1.8653,60.325,12.7,47.625,12.7,268,298,110,3
60s/gmc_637_v8.mr,8,130.175,98.044,10.4389,1.3049,7.5,190.5,1.943,60.325,12.7,47.625,12.7,268,298,110,3
60s/gmc_702_v12.mr,12,115.824,90.932,11.497,0.9581,7.5,182.5,2.007,54.7687,12.7,46.4344,12.7,232,240,107.5,2.5
60s/inter_345_v8.mr,8,98.425,92.8687,5.6528,0.7066,7.18,171.5262,1.847,50.0126,11.176,40.8686,10.033,264,256,110.5,-0.5
60s/jaguar_xj25_326_v12.mr,12,90,70,5.3438,0.4453,9,151.3,2.1614,41.3,9.525,34.6,9.525,220,222,110,0
60s/jaguar_xk_258_i6.mr,6,92.075,106,4.2348,0.7058,7.8,196.85,1.8571,44.45,9.7,41.275,9.7,256,256,111,0
60s/memz_965_46_v4.mr,4,66,54.5,0.7458,0.1865,6.5,115,2.1101,26.5,7,25,7,236,236,108,0
60s/memz_968_73_v4.mr,4,76,66,1.1976,0.2994,7.2,142,2.1515,34,9,32,9,260,260,110,0
60s/mercedes_m100_417_v8.mr,8,107,95,6.8339,0.8542,8.8,166,1.7474,51,11,43,11,237,251,96.5,0
60s/mercedes_m117_276_v8.mr,8,92,85,4.5204,0.565,8,154.5,1.8176,44.2,9.5,37.1,9.5,245,251,96.75,0.75
60s/oldsmobile_454_v8.mr,8,104.775,107.95,7.4459,0.9307,10.5,171.069,1.5847,52.3875,12.065,41.275,12.065,328,328,110,2
60s/oldsmobile_f85_216_v8.mr,8,88.9,71.12,3.5316,0.4415,8.75,143.764,2.0214,38.608,9.8298,34.29,9.8298,270,270,110,0
60s/porsche_901_121_b6.mr,6,80,66,1.9905,0.3318,9,130,1.9697,39,11.15,35,10.31,248,238,97.5,2.5
60s/porsche_911_134_b6.mr,6,84,66,2.1945,0.3658,8.6,130,1.9697,46,10.5,40,9.7,234,226,102,5
60s/porsche_911_143_b6.mr,6,84,70.4,2.3408,0.3901,8,127.8,1.8153,46,10.3,40,10,234,226,102,3
60s/porsche_911_164_b6.mr,6,90,70.4,2.6872,0.4479,8.5,127.8,1.8153,46,10.3,40,10,220,212,105,-2
60s/tatra_603_155_v8.mr,8,75,72,2.5447,0.3181,6.5,136.5,1.8958,39,8,36,8,250,250,107.5,-2.5
60s/umz_451_149_i4.mr,4,92,92,2.4463,0.6116,6.7,168,1.8261,44,9.5,36,9.5,252,252,111,-3
60s/uzam_412_90_i4.mr,4,82,70,1.4787,0.3697,8.8,140,2,38,8.9,34,8.9,280,280,110,0
60s/vaz_2101_73_i4.mr,4,76,66,1.1976,0.2994,8.5,136,2.0606,37,9.728,31.5,9.728,232,232,105,1
60s/vaz_2103_79_i4.mr,4,79,66,1.294,0.3235,8.5,136,2.0606,37,9.728,31.5,9.728,232,232,105,1
60s/vaz_2108_79_i4.mr,4,76,71,1.2884,0.3221,9.9,121,1.7042,37,9,31.5,9,292,244,109,-4
60s/vw_beetle_78_b4.mr,4,77,69,1.2852,0.3213,7.3,137,1.9855,35.6,7.5438,32,7.239,224.5,228.5,107.5,2.75
60s/vw_t4_102_b4.mr,4,90,66,1.6795,0.4199,8.2,127,1.9242,39.3,8.36,32.9,7.92,234,227,107.25,2.25
60s/vw_t4_120_b4.mr,4,94,71,1.9709,0.4927,8,131,1.8451,42,8.36,36,7.92,234,227,107.25,2.25
60s/zil_114_425_v8.mr,8,108,95,6.9623,0.8703,9.5,172,1.8105,52,10.4,41.5,10.4,318,318,111,-12.5
60s/zil_130_364_v8.mr,8,100,95,5.969,0.7461,6.5,185,1.9474,50.5,10.3,41,10.3,276,276,108,-9
60s/zil_375_425_v8.mr,8,108,95,6.9623,0.8703,6.5,185,1.9474,50.5,10.3,41,10.3,294,294,108,-8
60s/zmz_24_149_i4.mr,4,92,92,2.4463,0.6116,8.2,168,1.8261,47,9.5,36,9.5,252,252,111,-3
60s/zmz_53_260_v8.mr,8,92,80,4.2545,0.5318,6.7,156,1.95,46,9.07,35,8.14,258,252,104.5,-0.5
70s/bmw_m33_305_v12.mr,12,86,71.6,4.9909,0.4159,9,150,2.095,46,11.2,38,11.2,276,276,112,0
70s/buick_231_v6.mr,6,96.52,86.36,3.7913,0.6319,9,151.384,1.7529,41.275,10.3378,34.925,10.3378,256,256,110,0
70s/cadillac_500_v8.mr,8,109.22,109.3216,8.1939,1.0242,10,171.45,1.5683,50.8,11.176,41.275,11.5316,198,202,115.5,-4
70s/chevrolet_350_v8.mr,8,101.6,88.392,5.733,0.7166,8.5,144.78,1.6379,49.276,9.906,38.1,10.414,280,288,113,1
70s/chevrolet_401_v8.mr,8,104.775,95.25,6.5699,0.8212,8.5,141.351,1.484,49.276,9.906,38.1,10.414,280,288,113,1
70s/chevrolet_454_v8.mr,8,107.9754,101.6,7.4426,0.9303,8.25,155.829,1.5338,52.451,10.1168,43.688,10.922,316,334,111,-5
70s/chrysler_198_i6.mr,6,86.36,92.456,3.2494,0.5416,8.4,177.9524,1.9247,41.148,10.5664,34.544,10.5664,244,244,109,3
70s/chrysler_318_v8.mr,8,99.2188,84.1375,5.2042,0.6505,8.5,155.5242,1.8485,45.212,9.398,38.1,9.906,240,248,112,2
70s/chrysler_360_v8.mr,8,101.6,90.932,5.8977,0.7372,8.4,155.5242,1.7103,47.752,10.414,40.64,10.414,252,252,109.5,1.5
70s/ferrari_135cs_148_v6.mr,6,92.5,60,2.4192,0.4032,9,118,1.9667,42.4,9.35,36.7,8.55,272,264,98.5,2.5
70s/ferrari_f106a_179_v8.mr,8,81,71,2.9269,0.3659,8.8,137,1.9296,42.4,8.949,36.7,8.323,260,254,92.5,-3.5
70s/lambo_211_v12.mr,12,77,62,3.4645,0.2887,10.7,119,1.9194,42,9.5,38.2,8.4,288,276,99.5,0.5
70s/lambo_240_v12.mr,12,82,62,3.9291,0.3274,10.7,119,1.9194,42,9.5,38.2,8.4,288,276,109,-3
70s/lambo_v12.mr,12,85.5,69,4.7539,0.3962,9.2,119,1.7246,48,10,38.2,8,292,284,103,-1
70s/pontiac_456_v8.mr,8,105.5687,106.7594,7.4758,0.9345,10.25,168.275,1.5762,53.594,11.938,46.736,11.938,230,240,114,0
70s/zil_e114_470_v8.mr,8,108,105,7.6951,0.9619,9.3,180,1.7143,52,10.2,41.5,10.2,312,324.5,116.12,-12.38
aircraft/abc_dragonfly_1392_r9.mr,9,139.7,165.1,22.7757,2.5306,4.432,311.15,1.8846,73.66,13.4874,48.26,9.525,232,255,114.25,-1.75
aircraft/abc_wasp_667_r7.mr,7,115,150,10.9062,1.558,4.18,237.7186,1.5848,54.7624,13.2,33.3502,7.4,224,235,109.75,-2.25
aircraft/aeromarine_al24_3299_w24.mr,24,127,177.8,54.0556,2.2523,5.4,304.8,1.7143,65,11.1125,65,9.525,235,236,108.75,1.25
aircraft/aeromarine_l6_553_i6.mr,6,107.95,165.1,9.0664,1.5111,5.25,304.8,1.8462,50.8,11.1125,47.625,11.1125,216,236,111,-3
aircraft/aeromarine_u8d_738_v8.mr,8,107.95,165.1,12.0885,1.5111,5.38,304.8,1.8462,46.6725,11.1125,45.212,11.1125,210.3,234.6,113.16,-3.22
aircraft/allison_v1710_1711_v12.mr,12,139.7,152.4,28.0317,2.336,5.75,254,1.6667,61.9125,13.5382,55.5625,13.5382,298,282,106,9
aircraft/anzani_6_381_r6.mr,6,105,120,6.2345,1.0391,3.75,230,1.9167,41.5,10,41.5,10,215,245,117,1.5
aircraft/argus_as10_773_v8.mr,8,120,140,12.6669,1.5834,5.9,220,1.5714,57,12,52,12,328,316,109,1
aircraft/argus_as3_967_i6.mr,6,145,160,15.8525,2.6421,4.75,275,1.7188,66,11.35,66,11,272,259,120.25,-3.75
aircraft/argus_as410_729_v12.mr,12,105,115,11.9494,0.9958,6.4,205,1.7826,53,11.8,51.5,11.2,338,328,109.5,-6.5
aircraft/as_deerhound_2370_r21.mr,21,135,127,38.1751,1.8179,6.75,254,2,64,14.5,60,14.5,245,245,112.5,0
aircraft/as_hyena_1724_r15.mr,15,137,125,27.6396,1.8426,6.6,225,1.8,64,14.5,60,14.5,245,245,112.5,0
aircraft/as_jaguar_1514_r14.mr,14,127,139.7,24.7755,1.7697,5,270.65,1.9374,60,14.25,60,14.25,239,279,109.5,5
aircraft/as_puma_1149_i6.mr,6,145,190,18.8248,3.1375,4.96,330,1.7368,66,11.2,44,9.5,216,250,114,-1
aircraft/as_terrier_1552_r14.mr,14,134.937,127,25.4263,1.8162,6.75,254,2,64.2937,14.5,60.325,14.5,230,250,110.5,2.5
aircraft/ash21_1260_r7.mr,7,155.5,155,20.6054,2.9436,6.4,305,1.9677,78,17,78,17,263,263,105,-6.5
aircraft/austro_daimler_917_i6.mr,6,135,175,15.0296,2.5049,5.05,315,1.8,48,9.9,48,9.9,220,232,104.5,4.5
aircraft/axelson_612_r7.mr,7,114.3,139.7,10.0341,1.4334,5,230.981,1.6534,55.5625,12.7,55.5625,12.7,246,246,117,0
aircraft/basse_selve_1382_i6.mr,6,155,200,22.643,3.7738,4.34,360,1.8,60,10,60,10,200,232,109.5,-0.5
aircraft/benz_bz3_877_i6.mr,6,130,180,14.3351,2.3892,4.7,315,1.75,61.5,11.8,61.5,11.25,240,256.3,115.93,-4.07
aircraft/benz_bz3a_1071_i6.mr,6,140,190,17.5489,2.9248,5.1,330,1.7368,43,11,43,11,220,253,111.75,-3.25
aircraft/benz_bz3bv_v8.mr,8,135,135,15.459,1.9324,5.7,250,1.8519,60,11.7,40,10.1,243,272,112.25,-6.25
aircraft/benz_bz4_1149_i6.mr,6,145,190,18.8248,3.1375,4.93,330,1.7368,57,11.8,57,11.25,245,260,111.25,-1.25
aircraft/benz_bz5b_1606_v12.mr,12,135,150,25.765,2.1471,5,303,2.02,66,11.7,45,10.1,243,272,112.25,-6.25
aircraft/benz_bz6_2487_v12.mr,12,145,200,39.6312,3.3026,4.97,348,1.74,57,11.9,57,12.5,240,255,111.25,1.25
aircraft/bmw_132_1692_r9.mr,9,155.5,162,27.6891,3.0766,6,343,2.1173,69,14.8,69,14.8,277,277,118,-0.5
aircraft/bmw_3a_1165_i6.mr,6,150,180,19.0852,3.1809,6.42,325,1.8056,72,12.9,72,12.5,221,260,107.75,2.25
aircraft/bmw_801_2552_r14.mr,14,156,156,41.7438,2.9817,6.5,300,1.9231,76,15,69,15,290,290,103,0
aircraft/bristol_hydra_1609_r16.mr,16,127,127,25.7407,1.6088,6,254,2,60,12.7,55,12.7,260,260,110,-2
aircraft/bristol_jupiter_1754_r9.mr,9,146.05,190.5,28.723,3.1914,5.3,342.9,1.8,56.5,13,49.8,13,244,276,108,-1
aircraft/bristol_lucifer_487_r3.mr,3,146.05,158.75,7.9786,2.6595,4.8,280.194,1.765,50.8,11.8872,50.8,11.8872,224,260,116,-6
aircraft/bristol_mercury_1522_r9.mr,9,146.05,165.1,24.8933,2.7659,5.3,309.88,1.8769,54.7687,13,52.3875,12.4,256,296,103.5,4.5
aircraft/bugatti_t34_2157_u16.mr,16,125,180,35.3429,2.2089,5,267.5,1.4861,41,13.3,60,16.6,225,240,108.75,-3.75
aircraft/bugatti_t67_1073_v16.mr,16,108,120,17.5889,1.0993,6.5,225,1.875,42,10,50,10,227,227,106.5,0
aircraft/bugatti_u16_1485_u16.mr,16,110,160,24.3285,1.5205,5,265,1.6562,39,12,57.5,12,225,240,108.75,-3.75
aircraft/chrysler_iv2220_2219_v16.mr,16,147.32,133.35,36.3686,2.273,7,241.3,1.8095,76.2,15.875,67.945,15.875,290,290,92.5,9.5
aircraft/cirrus_398_i4.mr,4,121.92,139.7,6.5237,1.6309,7,254,1.8182,59.5313,15.1892,46.8312,14.6939,289,294,109.75,-7.75
aircraft/continental_xo1010_f12.mr,12,117.475,127,16.5183,1.3765,6.3,196.85,1.55,61.595,12.7,53.975,9.525,255,265,110,2.5
aircraft/continental_xo1430_f12.mr,12,139.7,127,23.3597,1.9466,6.3,196.85,1.55,69.85,14.1732,63.5,11.9126,265,265,112.5,0
aircraft/curtiss_c6_572_i6.mr,6,114.3,152.4,9.3825,1.5637,5.4,254,1.6667,41.275,10.3187,41.275,10.3187,221,235,104,8.5
aircraft/curtiss_chieftain_1641_r12.mr,12,142.875,139.7,26.877,2.2397,5.2,266.7,1.9091,45.2437,12.7,45.2437,12.7,258,265,119.25,8.25
aircraft/curtiss_conqueror_1596_v12.mr,12,130.175,161.131,25.7339,2.1445,6.1,254,1.5764,47.5,12.77,47.5,12.77,240,245,116.25,1.25
aircraft/curtiss_k12_1161_v12.mr,12,114.3,152.4,18.765,1.5637,5.63,254,1.6667,43.7,10.3187,43.7,10.3187,218,228,111.5,2.5
aircraft/curtiss_ox5_503_v8.mr,8,101.6,127,8.237,1.0296,4.5,209.55,1.65,48.5,8.74,48.5,9.86,204.5,231,115.12,-2.62
aircraft/db601_2070_v12.mr,12,150,160,33.9292,2.8274,6.9,265,1.6562,56.9,12.5,50.8,12.5,254,254,106,0
aircraft/db603_2717_v12.mr,12,162,180,44.5219,3.7102,6.9,306,1.7,59,14.1,54.4,14.1,290,290,92.5,9.5
aircraft/db604_2830_x24.mr,24,135,135,46.377,1.9324,7,220,1.6296,60,12.5,53,12.5,290,290,92.5,9.5
aircraft/db609a_3758_v16.mr,16,165,180,61.5815,3.8488,8.5,310,1.7222,66,14.1,63,14.1,290,290,92.5,9.5
aircraft/db6xx_2349_v10.mr,10,165,180,38.4884,3.8488,6.9,306,1.7,66.5,14.1,63,14.1,290,290,92.5,9.5
aircraft/db6xx_3288_v14.mr,14,165,180,53.8838,3.8488,6.9,306,1.7,66.5,14.1,63,14.1,290,290,92.5,9.5
aircraft/duesenberg_1568_v12.mr,12,123.825,177.8,25.6933,2.1411,5,374.65,2.1071,55.5625,12.7,55.5625,12.7,225,240,108.8,-3.8
aircraft/duesenberg_3393_v16.mr,16,152.4,190.5,55.6,3.475,4.66,323.85,1.7,74.6125,14.2875,55.5625,12.7,225,240,108.75,-3.75
aircraft/duesenberg_361_i4.mr,4,111.125,152.4,5.9123,1.4781,4.6,304.8,2,55.5625,9.525,55.5625,9.525,230,240,112.5,-2.5
aircraft/duesenberg_496_i4.mr,4,120.65,177.8,8.1309,2.0327,5,374.65,2.1071,49.2125,11.5094,50.8,11.5094,225,240,108.75,-3.75
aircraft/ed_w1_2832_w18.mr,18,139.7,165.1,45.5515,2.5306,5.4,330.2,2,50.8,9.525,50.8,9.525,210,240,112.5,-2.5
aircraft/farman_2651_w18.mr,18,130,180,43.0053,2.3892,5.2,335,1.8611,49,10.8,46,9.4,240,240,110,0
aircraft/fed1_3416_x24.mr,24,135,160,54.9653,2.2902,6.4,300,1.875,62,13,62,13,250,258,113,-2
aircraft/fiat_a12_1325_i6.mr,6,160,180,21.7147,3.6191,4.31,325,1.8056,50.1,11.1,50.1,11.1,240,240,107.5,-2.5
aircraft/fiat_a14_3490_v12.mr,12,170,210,57.199,4.7666,4.85,365,1.7381,71,11.91,71,11.23,217,230,113.25,-3.25
aircraft/fiat_a25_3324_v12.mr,12,170,200,54.4752,4.5396,5.2,345,1.725,69.7,16,69.7,16,240,250,112.5,2.5
aircraft/ford_gga_1650_v12.mr,12,137.1981,152.4,27.0366,2.2531,7.25,266.7,1.75,53.848,12.7,48.26,12.7,255,275,97.5,5
aircraft/galloway_2367_v12.mr,12,145,190,37.6496,3.1375,4.9,340,1.7895,74,10,52,12,227,244,113.75,-7.75
aircraft/gr_14k_2366_r14.mr,14,146,165,38.673,2.7624,5.5,303,1.8364,67.5,16.5,64,16.5,245,265,112.5,0
aircraft/gr_5k_845_r5.mr,5,146,165,13.8118,2.7624,5.5,283,1.7152,60,16.5,60,16.5,245,265,112.5,0
aircraft/gr_7k_1185_r7.mr,7,146,165,19.3365,2.7624,5.5,303,1.8364,67.5,16.5,64,16.5,241,265,111.5,1
aircraft/hiero_943_i6.mr,6,135,180,15.459,2.5765,5.06,320,1.7778,66,11.2,44,9.5,205,235,112.5,0
aircraft/hs_12n_2201_v12.mr,12,150,170,36.0498,3.0041,6.2,275,1.6176,70,12.8,70,12.8,250,260,112.5,-2.5
aircraft/hs_18_3407_w18.mr,18,150,170,54.0747,3.0041,5.8,275,1.6176,68,13,68,13,250,260,112.5,-2.5
aircraft/hs_8e_719_v8.mr,8,120,130,11.7621,1.4703,5.33,225,1.7308,56,10,56,10,220,235,113.8,-6.2
aircraft/hs_8f_1127_v8.mr,8,140,150,18.4726,2.3091,5.32,263.5,1.7567,62,10,62,10,224,233,113.2,-6.8
aircraft/iam_m32_1325_v16.mr,16,120,120,21.7147,1.3572,6,200,1.6667,50,11,50,11,250,250,105,0
aircraft/if_asso500_1716_v12.mr,12,140,150,27.7088,2.3091,5.65,258,1.72,45,8.9,45,8.8,230,230,110,0
aircraft/if_asso750_2875_w18.mr,18,140,170,47.105,2.6169,5.65,325,1.9118,45,9.6,45,9.5,230,230,110,0
aircraft/if_v6_1015_i6.mr,6,140,180,16.6253,2.7709,5.1,325,1.8056,65.126,11,65.126,12.5,220,234,110.5,-7.5
aircraft/junkers_jumo211_2135_v12.mr,12,150,165,34.9895,2.9158,6.6,280,1.697,50,17.272,65,16,252,296,99,3
aircraft/junkers_jumo213_2135_v12.mr,12,150,165,34.9895,2.9158,6.93,300,1.8182,50,17.272,65,16,282,345,103.25,3.25
aircraft/junkers_jumo222_3386_r24.mr,24,145,140,55.4837,2.3118,6.75,280,2,55.3,12,63.5,14,282,345,103.25,3.25
aircraft/junkers_l5_1399_i6.mr,6,160,190,22.9211,3.8202,5.5,325,1.7105,72,12.1,72,11.9,212,241.5,104.12,3.12
aircraft/king_1996_v12.mr,12,139.7,177.8,32.7036,2.7253,5,304.8,1.7143,84.9312,15.0812,58.7375,12.7,220,242,114.5,-5.5
aircraft/lancia_1507_v12.mr,12,120.65,180,24.6944,2.0579,4.75,285,1.5833,70,14,70,14,220,230,112.5,-2.5
aircraft/lancia_2329_v12.mr,12,150,180,38.1704,3.1809,4.75,285,1.5833,70,14,70,14,230,230,110,0
aircraft/lawrance_l1_223_r3.mr,3,107.95,133.35,3.6614,1.2205,5.14,247.65,1.8571,52.3875,11.938,52.3875,11.938,312,318,113.5,-0.5
aircraft/ld_12e_1408_v12.mr,12,120,170,23.0719,1.9227,5.25,302,1.7765,61.2,8.71,60,8.71,228,234,114.5,-1.5
aircraft/ld_12ew_1491_w12.mr,12,120,180,24.429,2.0358,6,310,1.7222,60,13.5,60,13.5,229,237,115,-2.5
aircraft/ld_12g_3288_w24.mr,24,126,180,53.866,2.2444,5.2,310,1.7222,65,13.5,65,13.5,229,237,115,-2.5
aircraft/ld_12h_1754_v12.mr,12,145,145,28.7326,2.3944,6,245.1,1.6903,50,10.6,50,10.6,243,249,115,1.5
aircraft/ld_18kd_2236_w18.mr,18,120,180,36.6435,2.0358,6,300,1.6667,61.2,12,60,11,228,234,114.5,-1.5
aircraft/ld_8ba_939_v8.mr,8,120,170,15.3812,1.9227,5,302,1.7765,61.2,8.71,60,8.71,228,234,114.5,-1.5
aircraft/liberty_l12_1649_v12.mr,12,127,177.8,27.0278,2.2523,5.42,304.8,1.7143,69.85,11.1125,69.85,9.525,235,236,108.75,1.25
aircraft/lycoming_o720_722_b8.mr,8,130.175,111.125,11.8317,1.479,8.7,171.45,1.5429,53.975,11.3792,44.45,11.3792,220,227,112,0
aircraft/lycoming_xh2470_2471_h24.mr,24,133.35,120.65,40.4403,1.685,6.5,228.6,1.8947,62.7,12.7,56.8,12.7,278,278,105,-3
aircraft/lycoming_xo1230_1234_f12.mr,12,133.35,120.65,20.2202,1.685,6.5,228.6,1.8947,62.7062,12.7,56.7531,12.7,278,278,105,-3
aircraft/lycoming_xr7755_7756_r36.mr,36,161.925,171.45,127.1036,3.5307,8.5,358.775,2.0926,82.55,17.4625,82.55,17.4625,278,278,105,-3
aircraft/m100_2201_v12.mr,12,150,170,36.0498,3.0041,5.95,275,1.6176,68,13,68,13,250,258,113,-2
aircraft/m105_2143_v12.mr,12,148,170,35.0949,2.9246,7.1,275,1.6176,55.3,13,67,13,250,260,112.5,-2.5
aircraft/m107_2142_v12.mr,12,148,170,35.0949,2.9246,6.75,275,1.6176,62,13,60,13,320,258,97.5,13.5
aircraft/m11_525_r5.mr,5,125,140,8.5903,1.7181,5,270,1.9286,52,12,52,12,280,286,107,2
aircraft/m120_3223_y18.mr,18,148,170,52.6423,2.9246,6.6,275,1.6176,68,15,68,13,280,260,115,-5
aircraft/m12_525_r5.mr,5,125,140,8.5903,1.7181,5,260,1.8571,53,12,53,12,242,249,111.75,0.75
aircraft/m14_1652_v12.mr,12,130,170,27.0774,2.2564,6,300,1.7647,69.85,11.1125,69.85,9.525,235,236,108.75,1.25
aircraft/m14_619_r9.mr,9,105,130,10.131,1.1257,5.9,236.5,1.8192,54.3,14.5,52,14.5,254,271,108.75,1.75
aircraft/m17_2869_v12.mr,12,160,190,45.8421,3.8202,6,340,1.7895,72,10.7,69,10.7,245,236,112.75,-4.75
aircraft/m18_2189_w18.mr,18,125,160,35.3429,1.9635,6.4,300,1.875,57,12,57,12,250,260,112.5,-2.5
aircraft/m25_1823_r9.mr,9,155.5,174.5,29.8256,3.314,6.4,350,2.0057,78,14.25,78,14.25,239,279,109.5,5
aircraft/m34_2846_v12.mr,12,160,190,45.8421,3.8202,6,315,1.6579,60,12,52.5,12,248,235,110.75,-3.25
aircraft/m36_4214_y18.mr,18,160,190,68.7632,3.8202,6,315,1.6579,57,15,52.5,15,248,235,110.75,-3.25
aircraft/m3_3782_r21.mr,21,155.5,155,61.8161,2.9436,7,305,1.9677,78,14.25,78,14.25,269.5,279,112.97,1.53
aircraft/m44_8107_v12.mr,12,222,286,132.8444,11.0704,5,450,1.5734,90,18,75,18,245,236,112.75,-4.75
aircraft/m56_1560_r14.mr,14,130,135,25.0864,1.7919,6.3,265,1.963,65,13.5,65,13.5,239,279,109.5,5
aircraft/m70_3647_r18.mr,18,155.5,174.5,59.6511,3.314,6.4,350,2.0057,78,14.25,78,14.25,239,279,109.5,5
aircraft/m80_2838_r14.mr,14,155.5,174.5,46.3953,3.314,6.4,340,1.9484,78,14.25,78,14.25,239,279,109.5,5
aircraft/m82_2521_r14.mr,14,155.5,155,41.2107,2.9436,7,305,1.9677,78,14.25,78,14.25,263,284,111.75,0.25
aircraft/m8_3132_v12.mr,12,165,200,51.3179,4.2765,5.4,350,1.75,78,16.5,78,16.5,225,245,112.5,-5
aircraft/m9_2214_x16.mr,16,127,177.8,36.037,2.2523,5.4,304.8,1.7143,69.85,11.1125,69.85,9.525,235,236,108.75,1.25
aircraft/maybach_1409_i6.mr,6,165,180,23.0931,3.8488,5.95,310,1.7222,54,9.45,54,9.45,223,220,103.25,-0.25
aircraft/mercedes_diii_902_i6.mr,6,140,160,14.7781,2.463,4.5,291.95,1.8247,71.9,11.15,71.9,11.15,213,256,111.75,3.25
aircraft/mercedes_div_1202_i8.mr,8,140,160,19.7041,2.463,4.73,291.95,1.8247,67.818,11.5,67.818,10.5,229,248.3,112.18,-4.32
aircraft/mercedes_div_1325_i6.mr,6,160,180,21.7147,3.6191,4.82,326,1.8111,55.25,10.125,55.25,10,228.2,247.7,110.8,-4.29
aircraft/mercedes_dvi_2705_w18.mr,18,140,160,44.3342,2.463,4.64,326,2.0375,67.8,11.5,67.8,11.5,220,230,107.5,-2.5
aircraft/miller_1414_v12.mr,12,127,152.4,23.1667,1.9306,4.5,304.8,2,67.4687,12.7,67.4687,12.7,225,225,107.5,0
aircraft/mitsubishi_kinsei_1977_r14.mr,14,140,150,32.327,2.3091,6.6,285,1.9,67.8,13.7,64.3,13.7,264,290,113.5,1.5
aircraft/napier_cub_3687_x16.mr,16,158.75,190.5,60.3299,3.7706,5.3,330.2,1.7333,60.325,12.7,53.975,12.7,244,238,110.5,-1.5
aircraft/napier_dagger_1027_h24.mr,24,96.8375,95.25,16.8366,0.7015,7.75,161.925,1.7,47.625,12.7,44.45,12.7,232,232,100,3
aircraft/napier_lion_1462_w12.mr,12,139.7,130.175,23.9437,1.9953,5.8,249.6,1.9174,44.45,8.7376,45.2437,8.9916,241.2,238,109.81,-0.81
aircraft/napier_rapier_539_h16.mr,16,88.9,88.9,8.8291,0.5518,6,177.8,2,41.275,8.7312,41.275,8.7312,241,238,109.75,-0.75
aircraft/napier_sabre_2238_h24.mr,24,127,120.65,36.6806,1.5284,7,220,1.8235,60,13,60,13,280,280,105,0
aircraft/packard_1551_i6.mr,6,168.275,190.5,25.42,4.2367,6.5,323.85,1.7,57.15,11.1125,57.15,9.525,215,236,113.75,-3.75
aircraft/packard_1a1116_1116_v12.mr,12,120.65,133.35,18.2944,1.5245,5.56,228.6,1.7143,57.15,11.1125,57.15,9.525,215,236,113.75,-3.75
aircraft/packard_1a1237_1237_v12.mr,12,127,133.35,20.2708,1.6892,5,228.6,1.7143,57.15,11.1125,57.15,9.525,215,236,113.75,-3.75
aircraft/packard_1a2025_2025_v12.mr,12,146.05,165.1,33.1911,2.7659,5.08,279.4,1.6923,56.7436,11.1125,56.7436,9.525,215,236,113.75,-3.75
aircraft/packard_1a744_744_v8.mr,8,120.65,133.35,12.1963,1.5245,5.02,228.6,1.7143,57.15,11.1125,57.15,9.525,215,236,113.75,-3.75
aircraft/packard_2a1500_1530_v12.mr,12,136.525,139.7,24.541,2.0451,5.5,228.6,1.6364,53.975,10.9982,50.0062,9.2964,215,236,113.75,-3.75
aircraft/packard_2a2500_2547_v12.mr,12,161.925,165.1,40.7987,3.3999,5.5,279.4,1.6923,65.8812,14.2875,57.5469,12.7,215,236,113.75,-3.75
aircraft/packard_x2775_x24.mr,24,136.525,139.7,49.082,2.0451,5.5,244.475,1.75,53.975,10.9982,50.0062,9.2964,215,236,113.75,-3.75
aircraft/panhard_2743_w16.mr,16,145,170,44.9154,2.8072,5.2,306,1.8,60,13,60,13,220,245,106.25,1.25
aircraft/panhard_v12j_1296_v12.mr,12,115,170,21.1893,1.7658,5.2,292,1.7176,62,12,62,12,220,245,106.25,1.25
aircraft/peugeot_1767_v16.mr,16,120,160,28.9529,1.8096,5,280,1.75,40,9,40,9,214.4,240.2,115.66,-3.27
aircraft/peugeot_2231_x16.mr,16,130,170,36.1032,2.2564,5.3,295,1.7353,45,9.5,45,9.5,214.4,240.2,115.66,-3.27
aircraft/peugeot_690_v8.mr,8,100,180,11.3097,1.4137,5.3,295,1.6389,52,10,48,10,215.3,239.7,115.75,-3.32
aircraft/pw_h2600_2598_h24.mr,24,133.35,127,42.5687,1.7737,7,228.6,1.8,63.5,13.97,63.5,13.97,276,276,107,5
aircraft/pw_r1340_1345_r9.mr,9,146.05,146.05,22.021,2.4468,6,317.5,2.1739,65.7352,14.8,65.7352,14.8,282,282,112.5,-2.5
aircraft/pw_r1535_1539_r14.mr,14,131.762,131.762,25.1529,1.7966,6.4,254,1.9277,56.2102,11.1125,56.2102,11.1125,276,276,118,0
aircraft/pw_r1690_1692_r9.mr,9,155.575,161.925,27.7029,3.0781,6,342.9,2.1176,66.675,17.4625,66.675,14.2875,250,282,112.5,-2.5
aircraft/pw_r1830_1833_r14.mr,14,139.7,139.7,29.9783,2.1413,6.4,273.05,1.9545,63.5,14.2875,63.5,14.2875,276,276,118,0
aircraft/pw_r2060_2065_r20.mr,20,131.7625,123.825,33.7685,1.6884,6,260.35,2.1026,56.2102,11.9063,56.2102,11.9063,276,276,118,0
aircraft/pw_r2800_2811_r18.mr,18,146.05,152.4,45.9569,2.5532,6.65,312.738,2.0521,75.438,17.78,63.5,17.78,276,276,107,5
aircraft/pw_r4360_4362_r28.mr,28,146.05,152.4,71.4885,2.5532,7,312.674,2.0517,78,12.192,78,10.668,320,394,107,11
aircraft/pw_r985_988_r9.mr,9,131.762,131.762,16.1697,1.7966,6,296.862,2.253,56.2102,11.9063,56.2102,14.2875,282,282,112.5,-2.5
aircraft/raf_3a_1050_v12.mr,12,114.3,139.7,17.2012,1.4334,4.75,279.4,2,47.5,11.55,47.5,9.9,206,239,122.25,-4.75
aircraft/raf_4_805_v12.mr,12,100,140,13.1947,1.0996,4.3,280,2,44,8.8,40,6.5,211,258,114.9,-2.9
aircraft/rausie_e6_707_i6.mr,6,127,152.4,11.5833,1.9306,5.491,298.45,1.9583,61.9125,12.1412,61.9125,12.1158,210,243,110.75,-4.25
aircraft/renault_12d_825_v12.mr,12,105,130,13.5081,1.1257,4,260,2,45,10,45,10,225,257,114.75,-4.25
aircraft/renault_12f_1348_v12.mr,12,125,150,22.0893,1.8408,5,300,2,66,10,66,10,219.9,246.8,110.19,-5.29
aircraft/renault_12j_1528_v12.mr,12,125,170,25.0346,2.0862,5.6,300,1.7647,45,10,45,10,220,246,116.5,-3.5
aircraft/renault_12k_1859_v12.mr,12,134,180,30.4616,2.5385,5,320,1.7778,49,10.2,49,10.2,220,246,116.5,-3.5
aircraft/renault_12k_2651_v12.mr,12,160,180,43.4294,3.6191,5.3,320,1.7778,57,10,57,10,220,246,116.5,-3.5
aircraft/renault_12m_2265_v12.mr,12,150,175,37.1101,3.0925,4.8,300,1.7143,54,11,54,11,222,238,119.15,-0.15
aircraft/renault_12r_1159_v12.mr,12,120,140,19.0004,1.5834,6.4,265,1.8929,56,12.8,56,12.8,258,258,115,0
aircraft/renault_18j_2292_w18.mr,18,125,170,37.5518,2.0862,5.6,300,1.7647,45,10,45,10,220,246,116.5,-3.5
aircraft/renault_4p_386_i4.mr,4,120,140,6.3335,1.5834,5.8,240,1.7143,57,10,51,10,258,258,115,0
aircraft/renault_6q_580_i6.mr,6,120,140,9.5002,1.5834,6.4,240,1.7143,57,10,51,10,258,258,115,0
aircraft/renault_8g_899_v8.mr,8,125,150,14.7262,1.8408,4.36,300,2,66,11,66,11,245,235,107.5,0
aircraft/renault_ws_550_v8.mr,8,105,130,9.0054,1.1257,4,260,2,45,10,45,10,225,257,114.75,-4.25
aircraft/rep_7_230_r7.mr,7,85,95,3.7735,0.5391,4,180,1.8947,32,7.5,32,7.5,225,225,107.5,0
aircraft/rr_condor_2138_v12.mr,12,139.7,190.5,35.0396,2.92,6.5,330.2,1.7333,48.4,13.0969,48.4,13.0969,248,248,112,2
aircraft/rr_crecy_1593_v12.mr,12,129.54,165.1,26.1111,2.1759,7,279.4,1.6923,113.14,28,113.14,28,65,15,30,32.5
aircraft/rr_eagle_1252_v12.mr,12,114.3,165.1,20.3287,1.6941,4.88,317.5,1.9231,54.5846,11.176,54.5846,10.922,224,248,118,-4
aircraft/rr_griffon_2239_v12.mr,12,152.4,167.64,36.696,3.058,6,270.51,1.6136,53,14.478,51,14.478,248,248,110,10
aircraft/rr_kestrel_1296_v12.mr,12,127,139.7,21.2361,1.7697,6,233.68,1.6727,42.5,8.9,42.5,8.8,232,232,109,5
aircraft/rr_merlin_1649_v12.mr,12,137.16,152.4,27.0216,2.2518,6,256.54,1.6833,52.07,14.986,51.44,14.986,263,264,110.25,9.75
aircraft/rr_r_2239_v12.mr,12,152.4,167.64,36.696,3.058,6,286.004,1.7061,52.4,16.2,51,16.2,244,247,107.75,0.75
aircraft/rr_vulture_2622_x24.mr,24,127,139.7,42.4722,1.7697,6,233.68,1.6727,42.5,9,42.5,9,264,260,109,1
aircraft/salmson_18cm_2293_r18.mr,18,125,170,37.5518,2.0862,5.4,320,1.8824,60,11,60,11,260,260,115,5
aircraft/salmson_9ac_562_r9.mr,9,100,130,9.1892,1.021,5,235,1.8077,46,9,46,9,245,250,113.75,1.25
aircraft/spa_1a_2376_v16.mr,16,135,170,38.9338,2.4334,5.19,300,1.7647,58.7,12,58.7,12,222,256,116.5,-2.5
aircraft/spa_6a_891_i6.mr,6,135,170,14.6002,2.4334,5.19,265,1.5588,58.7,12,58.7,12,222,256,116.5,-2.5
aircraft/studebaker_xh9350_9349_h24.mr,24,203.2,196.85,153.2089,6.3837,8,374.65,1.9032,112.014,22.86,88.138,22.606,255,260,103.75,1.25
aircraft/wright_p2_1656_r9.mr,9,152.4,165.1,27.105,3.0117,5,340.36,2.0615,73.025,15.875,66.675,15.875,265,285,112.5,5
aircraft/wright_r1750_1752_r9.mr,9,152.4,174.625,28.6687,3.1854,5,349.25,2,76.2,15.875,76.2,15.875,265,285,112.5,5
aircraft/wright_r1820_1826_r9.mr,9,155.575,174.625,29.8757,3.3195,6.4,349.25,2,78,15.875,78,15.875,239,279,109.5,5
aircraft/wright_r2160_2191_r42.mr,42,107.95,92.075,35.3937,0.8427,7,190.5,2.069,60,12.7,50,12.7,284,320,97.5,-3.5
aircraft/wright_r2600_2608_r14.mr,14,155.575,160.337,42.6708,3.0479,6.9,349.25,2.1782,63.5,14.2875,63.5,14.2875,250,285,103.75,-1.25
aircraft/wright_r3350_3353_r18.mr,18,155.575,160.337,54.8625,3.0479,6.85,354.012,2.2079,65.0875,15.875,65.0875,15.875,281,295,99,3.5
aircraft/wright_r4090_4092_r22.mr,22,155.575,160.337,67.0542,3.0479,6.85,431.8,2.6931,65.0875,15.875,65.0875,15.875,281,295,99,3.5
aircraft/wright_r790_788_r9.mr,9,114.3,139.7,12.9009,1.4334,5.1,276.1742,1.9769,53.975,12.7,53.975,12.7,248,248,116,0
aircraft/wright_r975_973_r9.mr,9,127,139.7,15.9271,1.7697,6.3,279.4,2,55.88,14.2875,55.88,14.2875,250,285,113.75,-1.25
aircraft/wright_sgv1800_1821_v12.mr,12,142.875,152.4,29.3203,2.4434,7,247.65,1.625,55.5,14.2875,54.61,14.2875,247,265,109.5,-5.5
aircraft/wright_t3_1948_v12.mr,12,146.05,158.75,31.9145,2.6595,5.3,277.7,1.7493,52,12.3,52,12.2,247,265,111.25,-3.75
contemporary/audi_tf_366_w12.mr,12,84,90.2,5.9984,0.4999,10,153,1.6962,24.5,10,29,10,254,254,110,0
contemporary/aventador.mr,12,95,76.4,6.4985,0.5415,11.8,135,1.767,33.4,11.38,29.4,11.51,288,270,108.5,4.5
contemporary/bmw_m60_243_v8.mr,8,89,80,3.9815,0.4977,10,143,1.7875,35,9.7,30.5,9.4,246,242,110,4
contemporary/bmw_m70_304_v12.mr,12,84,75,4.9876,0.4156,8.8,135,1.8,42,10.5,35,11,246,264,110,4
contemporary/bmw_m70_406_v16.mr,16,84,75,6.6501,0.4156,8.8,135,1.8,42,10.5,35,11,246,264,110,4
contemporary/bmw_m73_328_v12.mr,12,85,79,5.3794,0.4483,10,135,1.7089,42,10.3,36,10.3,240,240,110,4
contemporary/bmw_s62_302_v8.mr,8,94,89,4.9411,0.6176,11,141.5,1.5899,35,10.3,30.5,10.2,252,248,110,0
contemporary/bmw_s70_340_v12.mr,12,86,80,5.5765,0.4647,9.8,135,1.6875,42,10.5,35,11,246,264,110,4
contemporary/bmw_s70_370_v12.mr,12,86,87,6.0644,0.5054,11,142.6,1.6391,37.8,11,31,11,264,264,112,0
contemporary/bmw_s85_305_v10.mr,10,92,75.2,4.999,0.4999,12,140.5,1.8684,35.4,11.7,30.5,11.5,268,260,110,5
contemporary/buick_231_v6.mr,6,96.52,86.36,3.7913,0.6319,9.4,151.56,1.755,43.434,10.4775,37.767,10.687,258,258,110,0
contemporary/cadillac_xv16_829_v16.mr,16,105,98,13.5773,0.8486,10.6,155.575,1.5875,55.88,15.0114,41.021,14.9606,227,260,110.75,2.25
contemporary/chevrolet_lt1_376_v8.mr,8,103.25,92,6.1624,0.7703,11.5,154.9,1.6837,54,13.9954,40.4,13.3096,200,207,116.5,2
contemporary/chevrolet_lt6_333_v8.mr,8,104.2416,80,5.462,0.6828,12.5,145,1.8125,42.0116,13.9954,35.0012,13.3096,276,290,114,0
contemporary/chevrolet_vortec_262_v6.mr,6,101.6,88.392,4.2997,0.7166,9.2,144.78,1.6379,49.276,10.5156,38.1,10.8712,206,228,104.5,-1.5
contemporary/chrysler_atlantic_244_i8.mr,8,87.5,83,3.9928,0.4991,10.5,151,1.8193,34.5,8.89,29.5,8.89,220,252,109.5,-0.5
contemporary/chrysler_hemi_376_v8.mr,8,103.9,90.9,6.1656,0.7707,9.5,157.48,1.7325,54.3052,13.208,41.9862,13.208,263,277,127,0
contemporary/cosworth_510_v16.mr,16,92,78.55,8.3547,0.5222,14.5,150,1.9096,40,10,36,10,246,268.5,112.12,0.12
contemporary/falconer_525_v12.mr,12,101.6,88.392,8.5995,0.7166,10.4,144.78,1.6379,49.276,11.7856,38.1,12.0142,213,219,112,0
contemporary/falconer_601_v12.mr,12,104.775,95.25,9.8549,0.8212,10.9,155.575,1.6333,49.276,12.4206,38.1,11.811,227,241,107,0
contemporary/ferrari_f113a_302_f12.mr,12,82,78,4.943,0.4119,9.2,137,1.7564,28.4,9,25.4,9,244,244,109,3
contemporary/ferrari_f119g_208_v8.mr,8,85,75,3.4047,0.4256,10.4,137,1.8267,42,8.949,37,8.323,248,244,112,0
contemporary/ferrari_f129_213_v8.mr,8,85,77,3.4955,0.4369,11,137,1.7792,26.6,9.1,28.5,9.4,238,252,106.5,3.5
contemporary/ferrari_f130b_287_v12.mr,12,85,69,4.6985,0.3915,11.3,126,1.8261,26.7,7.5,28.6,8,252,262,109,1
contemporary/ferrari_f133a_334_v12.mr,12,88,75,5.4739,0.4562,10.6,131,1.7467,34,10.2,29.2,10.2,243,229,108,-6.5
contemporary/ferrari_f136_274_v8.mr,8,94,81,4.497,0.5621,13,144,1.7778,37.9,10,31.1,10,280,280,110,0
contemporary/ferrari_f140_366_v12.mr,12,92,75.2,5.9988,0.4999,11.2,134,1.7819,35,7.5,30,8,252,262,109,1
contemporary/ferrari_f140ed_382_v12.mr,12,94,75.2,6.2625,0.5219,13.5,134,1.7819,37.8,10.2,31,10.2,243,229,108,-6.5
contemporary/ferrari_f154_238_v8.mr,8,86.5,83,3.902,0.4878,9.4,144,1.7349,37.8,10,31,10,280,280,110,0
contemporary/ford_390_v10.mr,10,93,94,6.3853,0.6385,10.8,169.1,1.7989,37,10,30,10,240,250,114,0
contemporary/ford_cologne_171_v6.mr,6,93.03,68.58,2.7969,0.4662,9.2,130.556,1.9037,42.1,9.4996,38.1,9.4488,276,278,114,0
contemporary/ford_coyote_302_v8.mr,8,92.2,92.7,4.9513,0.6189,12,150.7,1.6257,38,13.1064,31,13.0556,263,277,127,0
contemporary/ford_duratec_362_v12.mr,12,89,79.5,5.935,0.4946,10.3,138.1,1.7371,35,9.8,30,9.8,232,248,112,0
contemporary/ford_modular_281_v8.mr,8,90.2,90,4.6008,0.5751,9.9,150.7,1.6744,37,13.97,30,13.97,228,230,112,3
contemporary/ford_modular_361_v12.mr,12,90.2208,77.216,5.9237,0.4936,8,150.6982,1.9516,37,11.43,30,11.43,222,222,114,0
contemporary/ford_sho_207_v8.mr,8,82.4,79.5,3.3916,0.4239,10,138.1,1.7371,32,10,27,10.41,173,203,110,2
contemporary/ford_triton_413_v10.mr,10,90.22,105.79,6.763,0.6763,9.8,169.1,1.5984,34,11.15,37.5,11.07,176,199,114,0
contemporary/ford_voodoo_315_v8.mr,8,94,93,5.1632,0.6454,12,150.7,1.6204,37.7,14,32,14,234,235,120.5,0
contemporary/jaguar_241_v8.mr,8,86,85,3.95,0.4937,10.75,155.321,1.8273,34.9,9,30.9,9,245,240,108.75,1.25
contemporary/jaguar_366_v12.mr,12,90,78.5,5.9927,0.4994,11,151.45,1.9293,41.275,9.525,34.46,9.525,256,256,111,0
contemporary/jeep_241_i6.mr,6,98.4,86.7,3.9559,0.6593,8.8,155.575,1.7944,48.514,15.24,38.1,15.24,253.3,258,107.53,-6.73
contemporary/lambo_242_v10.mr,10,82,75,3.9608,0.3961,10.5,131.25,1.75,31.5,9.5,27,8.5,280,260,116.5,3.5
contemporary/lambo_303_v10.mr,10,82.5,92.8,4.9607,0.4961,11.5,154,1.6595,33,12,30,12,288,278,108,0
contemporary/lambo_318_v10.mr,10,84.5,92.8,5.2042,0.5204,12.5,154,1.6595,34.85,11.6,29,12,288,278,108,0
contemporary/lambo_diablo_348_v12.mr,12,87,80,5.7069,0.4756,10,138.5,1.7312,32.5,9.6774,27.5,7.9502,280,260,116.5,3.5
contemporary/lambo_murcielago_378_v12.mr,12,87,86.8,6.192,0.516,10.7,134.3,1.5472,33.4,11.38,29.4,11.51,288,270,108.5,4.5
contemporary/lotus_214_v8.mr,8,83,81,3.5061,0.4383,8,141,1.7407,33.5,9,30,8.15,245,230,110,-6
contemporary/mercedes_m113_303_v8.mr,8,97,84,4.966,0.6207,9.5,148.5,1.7679,38,10.8,41,10.8,260,268,114,0
contemporary/mercedes_m116_256_v8.mr,8,92,78.9,4.196,0.5245,9,138,1.749,44.2,9.5,39.1,9.5,238,266,96,1
contemporary/mercedes_m120_365_v12.mr,12,89,80.2,5.9872,0.4989,10,153.8,1.9177,35,9.2,31,9.35,241,261,110,0
contemporary/mercedes_m120_445_v12.mr,12,91.5,92.4,7.291,0.6076,10.5,153.8,1.6645,35,9.55,31,10.15,250,257,110,0
contemporary/mercedes_m137_353_v12.mr,12,84,87,5.7856,0.4821,10,138.7,1.5943,35,11.2,37.1,11.2,260,264,114,0
contemporary/mercedes_m177_243_v8.mr,8,83,92,3.9822,0.4978,10.5,153,1.663,30.5,10,24.5,10,256,268,114,0
contemporary/mercedes_m216_488_w18.mr,18,87.7,73.5,7.9919,0.444,10,145,1.9728,35,9.55,31,10.15,221,220,108.25,1.75
contemporary/mercedes_m275_336_v12.mr,12,82,87,5.5134,0.4594,9,144.5,1.6609,35,11.2,37.1,11.2,260,264,114,0
contemporary/mercedes_m297_421_v12.mr,12,89,92.4,6.898,0.5748,10.5,154,1.6667,35,10.45,31,10.15,268,257,110,0
contemporary/mp4_12c_232_v8.mr,8,93,69.9,3.7986,0.4748,8.7,155,2.2175,35.8,9,31.5,8,320,336,106,4
contemporary/nissan_rb26dett_157_i6.mr,6,86,73.7,2.5687,0.4281,8.5,121.5,1.6486,34.65,8.58,30.15,8.28,240,236,110,4
contemporary/nissan_vq35de_213_v6.mr,6,95.5,81.4,3.4984,0.5831,9.2,144,1.769,37.1,11.5,31.3,11,250,232,116,-4
contemporary/nissan_vr38dett_232_v6.mr,6,95.5,88.4,3.7993,0.6332,10.3,165,1.8665,37.15,10,32.15,9.25,252,230,113,0
contemporary/porsche_928_273_v8.mr,8,95,78.9,4.4741,0.5593,8.5,150,1.9011,43,11,38,10,243,220,110.75,-2.75
contemporary/porsche_928_285_v8.mr,8,97,78.9,4.6644,0.5831,9.3,150,1.9011,45,12,40,11,237,207,104.5,-3
contemporary/porsche_928_303_v8.mr,8,100,78.9,4.9574,0.6197,10.1,150,1.9011,35,9,32,8,225,215,106,-3.5
contemporary/porsche_928_329_v8.mr,8,100,85.9,5.3973,0.6747,10.4,150,1.7462,37,9.5,33,8.5,254,220,106,-8
contemporary/porsche_964_220_b6.mr,6,100,76.4,3.6003,0.6,11.3,127,1.6623,50,13.2,43.5,13.2,288,280,114,0
contemporary/porsche_993_220_b6.mr,6,100,76.4,3.6003,0.6,11.3,127,1.6623,50,12,43.5,11,241,230,114.75,-4.75
contemporary/porsche_m48_275_v8.mr,8,93,83,4.5105,0.5638,11.5,155,1.8675,37.1,11.2,32.5,11.2,268,268,110,0
contemporary/tvr_ajp8_273_v8.mr,8,91,86,4.4747,0.5593,10.5,147.32,1.713,45,12.7,36,12.7,270,270,108,3
contemporary/vaz_1111_39_i2.mr,2,76,71,0.6442,0.3221,9.9,121,1.7042,36,9.6,30.5,9,266,252,105.5,-1.5
contemporary/viper_488_v10.mr,10,101.6,98.552,7.9899,0.799,9.6,155.5242,1.5781,48.768,13.8176,40.64,13.8176,212,232,110,4
contemporary/viper_505_v10.mr,10,102.362,100.584,8.2774,0.8277,9.6,158.5,1.5758,50.8,14.0716,40.132,14.0716,305,290,118.75,2.75
contemporary/viper_511_v10.mr,10,103,100.584,8.3809,0.8381,10.2,158.5,1.5758,52.832,14.3739,40.894,13.589,305,290,118.75,2.75
contemporary/vw_245_w8.mr,8,84,90.2,3.9989,0.4999,10.7,164,1.8182,31,11.4,27,11.4,268,268,115,0
contemporary/vw_284_vr10.mr,10,81,90.2,4.648,0.4648,10.8,164,1.8182,31,11.4,27,11,268,262,112,0
contemporary/vw_366_w12.mr,12,84,90.2,5.9984,0.4999,10.7,164,1.8182,31,10,27,10,210,255,92.75,14.75
contemporary/vw_382_w18.mr,18,76.5,75.6,6.2547,0.3475,10,144,1.9048,29.5,10,26,10,260,252,117,-7
contemporary/vw_488_w16.mr,16,86,86,7.9929,0.4996,8.3,164,1.907,31,10,27,10,235,233,99.5,8
contemporary/vw_vr6.mr,6,84,95.9,3.1887,0.5315,11.3,164,1.7101,31,11.4,27,11.4,268,268,115,0
contemporary/wank.mr,,,,,,,,,,,,,,,,
contemporary/wankel_1.mr,,,3,,,,,,,,,,,,,
contemporary/wankel_2.mr,,,3,,,,,,,,,,,,,
contemporary/wankel_3.mr,,,3,,,,,,,,,,,,,
contemporary/wankel_4.mr,,,3,,,,,,,,,,,,,
contemporary/wankel_4c.mr,,,3,,,,,,,,,,,,,
contemporary/wankel_5.mr,,,3,,,,,,,,,,,,,
contemporary/wankel_6.mr,,,3,,,,,,,,,,,,,
contemporary/wankel_6_r.mr,,,3,,,,,,,,,,,,,
contemporary/wankel_7.mr,,,3,,,,,,,,,,,,,
contemporary/wankel_7_p4.mr,,,3,,,,,,,,,,,,,
contemporary/zil_4101_425_v8.mr,8,108,95,6.9623,0.8703,8.5,175,1.8421,53.5,10.6,43,10.6,312,316,112,-16.5
contemporary/zil_4104_470_v8.mr,8,108,105,7.6951,0.9619,9.3,175,1.6667,53.5,10.6,43,10.6,312,316,112,-16.5
contemporary/zmz_301_195_v6.mr,6,92,80,3.1909,0.5318,9.5,158,1.975,37,9.2,31.5,9.2,240,240,103,1
contemporary/zmz_406_140_i4.mr,4,92,86,2.2868,0.5717,9.3,158,1.8372,37,9.2,31.5,9.2,240,240,103,1
diesel/11d45_12258_v16.mr,16,230,300,199.4283,12.4643,13.5,610,2.0333,117.4734,25,72,15,50,40,25,-305
diesel/14d40_9193_v12.mr,12,230,300,149.5712,12.4643,13.5,610,2.0333,117.4734,25,72,15,50,40,25,-305
diesel/18d70_14773_v18.mr,18,250,270,238.5647,13.2536,12.8,605,2.2407,76,20,72,20,290,247,78.75,-3.25
diesel/1d49_16768_v20.mr,20,260,260,276.0832,13.8042,13.5,580,2.2308,90,22,80,22,264,308,89,5
diesel/20d70_16414_v20.mr,20,250,270,265.0719,13.2536,12.8,605,2.2407,76,20,72,20,290,247,78.75,-3.25
diesel/2d49_10061_v12.mr,12,260,260,165.6499,13.8042,13.5,580,2.2308,90,22,80,22,265,265,87.5,10
diesel/2d70_13131_v16.mr,16,250,270,212.0575,13.2536,12.8,605,2.2407,76,20,72,20,290,290,82.5,1.5
diesel/5d49_13414_v16.mr,16,260,260,220.8665,13.8042,13.5,580,2.2308,90,22,80,22,265,265,87.5,10
diesel/6d49_6707_v8.mr,8,260,260,110.4333,13.8042,13.5,580,2.2308,90,22,80,22,265,280,87.5,12
diesel/a01_680_i6.mr,6,130,140,11.1495,1.8583,16,265,1.8929,61,13.5,48,13.5,250,250,105,0
diesel/a101_1134_i10.mr,10,130,140,18.5825,1.8583,16,265,1.8929,61,13.5,48,13.5,250,250,105,0
diesel/a121_1361_i12.mr,12,130,140,22.299,1.8583,16,265,1.8929,61,13.5,48,13.5,250,250,105,0
diesel/a81_907_i8.mr,8,130,140,14.866,1.8583,16,265,1.8929,61,13.5,48,13.5,250,250,105,0
diesel/a91_1021_i9.mr,9,130,140,16.7243,1.8583,16,265,1.8929,61,13.5,48,13.5,250,250,105,0
diesel/alco_251_10688_v16.mr,16,228.6,266.7,175.14,10.9462,11.75,533.4,2,72.39,15.24,72.39,15.24,274,274,96,0
diesel/alco_251_12024_v18.mr,18,228.6,266.7,197.0325,10.9462,11.75,533.4,2,72.39,15.24,72.39,15.24,274,274,96,0
diesel/alco_251_8016_v12.mr,12,228.6,266.7,131.355,10.9462,11.75,533.4,2,72.39,15.24,72.39,15.24,274,274,96,0
diesel/baldwin_608a_15832_i8.mr,8,323.85,393.7,259.4377,32.4297,13.45,787.4,2,106.362,23.8252,106.362,23.8252,260,260,100,2
diesel/cummins_359_i6.mr,6,102,120,5.8833,0.9806,17,192,1.6,45,10.4458,42,11.6904,189,194,114.5,0
diesel/d120_127_i2.mr,2,105,120,2.0782,1.0391,16.5,217,1.8083,44,11.6,38,11.6,236,236,102,0
diesel/d12_2373_v12.mr,12,150,180,38.1704,3.1809,14,320,1.7778,54,13,50,13,248,248,104,0
diesel/d144_254_i4.mr,4,105,120,4.1563,1.0391,16.5,217,1.8083,44,11.6,38,11.6,236,236,102,0
diesel/d16_104_i2.mr,2,95,120,1.7012,0.8506,18,210,1.75,39,9.375,36,9.375,236,236,102,0
diesel/d240_290_i4.mr,4,110,125,4.7517,1.1879,16,230,1.84,48,10.2,42,10.2,242,254,107,2
diesel/d260_435_i6.mr,6,110,125,7.1275,1.1879,15,230,1.84,48,10.2,42,10.2,242,254,107,2
diesel/d35_249_i4.mr,4,100,130,4.0841,1.021,17.6,260,2,38,12.243,34,12.243,236,246,110.5,2.5
diesel/d50_9596_i6.mr,6,318,330,157.2568,26.2095,11,710,2.1515,102,19.5,102,19.5,295,286,78.25,10.75
diesel/d54_455_i4.mr,4,125,152,7.4613,1.8653,16,330,2.1711,47.5,11.9,48,11.9,210,240,101.5,4.5
diesel/db67_494_v6.mr,6,125,110,8.0994,1.3499,16,230,2.0909,43.5,9.5,43.5,9.5,236,246,110.5,2.5
diesel/detroit_12v71_851_v12.mr,12,107.95,127,13.9483,1.1624,18.7,257.175,2.025,74.705,16,35,10.16,60,15,32.5,31.25
diesel/detroit_16v71_1135_v16.mr,16,107.95,127,18.5977,1.1624,18.7,257.175,2.025,74.705,16,35,10.16,60,15,32.5,31.25
diesel/detroit_6v71_426_v6.mr,6,107.95,127,6.9741,1.1624,18.7,257.175,2.025,74.705,16,35,10.16,60,25,27.5,-302.5
diesel/detroit_8v71_567_v8.mr,8,107.95,127,9.2988,1.1624,18.7,257.175,2.025,74.705,16,35,10.16,60,25,27.5,-302.5
diesel/detroit_8v92_736_v8.mr,8,122.9424,127,12.0611,1.5076,19,257.175,2.025,92,20.44,35,10.16,60,25,27.5,28.75
diesel/dg_2329_f12.mr,12,150,180,38.1704,3.1809,14.5,320,1.7778,54,13,50,13,248,248,104,0
diesel/dtn_10_1963_u10.mr,10,160,160,32.1699,3.217,13.5,275,1.7188,54,13,50,13,248,248,104,0
diesel/duramax_402_v8.mr,8,103,99,6.5992,0.8249,16,163,1.6465,34,9.89,33,9.985,208,213,107.5,1.5
diesel/emd_567_3405_v6.mr,6,215.9,254,55.7931,9.2988,16,584.2,2.3,158,35,63.5,17.4244,50,40,25,27.5
diesel/emd_567_4540_v8.mr,8,215.9,254,74.3907,9.2988,16,584.2,2.3,158,35,63.5,17.4244,50,40,25,27.5
diesel/emd_567_6809_v12.mr,12,215.9,254,111.5861,9.2988,16,584.2,2.3,158,35,63.5,17.4244,50,40,25,27.5
diesel/emd_567_9079_v16.mr,16,215.9,254,148.7815,9.2988,16,584.2,2.3,158,35,63.5,17.4244,50,40,25,-305
diesel/emd_645_12901_v20.mr,20,230.187,254,211.405,10.5702,16,584.2,2.3,175,37,63.5,17.48,50,40,25,27.5
diesel/k6s310dr_9949_i6.mr,6,310,360,163.0298,27.1716,11,690,1.9167,100,19.5,100,19.5,295,280,76.25,8.75
diesel/kamaz_740_663_v8.mr,8,120,120,10.8573,1.3572,17,225,1.875,51.5,13.5,46.5,13.5,242,256,113,5
diesel/kdm46_826_i4.mr,4,145,205,13.5407,3.3852,15.5,380,1.8537,60,11.9,60,11.9,226,260,101.5,2.5
diesel/m30_3820_v12.mr,12,180,200,61.0726,5.0894,13.5,350,1.75,65,13,60.5,13,286,286,93,0
diesel/powertsroke_363_v8.mr,8,95,105,5.9541,0.7443,18,176,1.6762,34,9.017,28,9.195,176,196,106,2
diesel/powertsroke_406_v8.mr,8,99,108,6.6508,0.8314,15.2,176,1.6296,33.8074,8.5344,30.353,8.8392,176,196,106,2
diesel/powertsroke_444_v8.mr,8,104.394,106.172,7.2701,0.9088,17.5,181.102,1.7057,42.672,10.287,42.672,10.287,177,185,104,0.5
diesel/sla_2277_x16.mr,16,135,160,36.6435,2.2902,14.5,320,2,65,10.5,61,10.5,277,297,76.5,0
diesel/smd14_386_i4.mr,4,120,140,6.3335,1.5834,16,250,1.7857,52,12.4275,45,12.4275,236,246,110.5,2.5
diesel/smd60_559_v6.mr,6,130,115,9.1585,1.5264,15,210,1.8261,56,12,46,12,229,253,115,3.5
diesel/smd7_330_i4.mr,4,115,130,5.4012,1.3503,16,230,1.7692,50,12.725,45,12.725,236,246,110.5,2.5
diesel/utd_20_971_v6.mr,6,150,150,15.9043,2.6507,15.8,275,1.8333,54,13,49.5,13,248,248,104,0
diesel/utd_29_1618_v10.mr,10,150,150,26.5072,2.6507,15.8,275,1.8333,54,13,49.5,13,248,248,104,0
diesel/utd_30_1941_v12.mr,12,150,150,31.8086,2.6507,16,275,1.8333,54,13,49.5,13,248,248,104,0
diesel/v4_1165_i6.mr,6,150,180,19.0852,3.1809,14,320,1.7778,54,13,50,13,248,248,104,0
diesel/yaaz_204_284_i4.mr,4,108,127,4.6537,1.1634,17,257.15,2.0248,60,13,40,9.8,60,30,25,27.5
diesel/yaaz_206_426_i6.mr,6,108,127,6.9806,1.1634,17,257.15,2.0248,60,10,40,9.8,50,40,25,-305
diesel/yamz_236_680_v6.mr,6,130,140,11.1495,1.8583,16.5,266,1.9,61,13.5,48,13.5,256,256,108,0
diesel/yamz_238_907_v8.mr,8,130,140,14.866,1.8583,16.5,266,1.9,61,13.5,48,13.5,256,256,108,0
diesel/yamz_240_1361_v12.mr,12,130,140,22.299,1.8583,16.5,266,1.9,61.5,13.5,48,13.5,256,256,108,0
diesel/yamz_741_828_v10.mr,10,120,120,13.5717,1.3572,17,225,1.875,51.5,13.5,46.5,13.5,242,256,113,5
diesel/zis_d7_374_i6.mr,6,100,130,6.1261,1.021,16.75,243,1.8692,48,9.5,45,9.5,236,246,110.5,2.5
diesel/zv_m501_8761_r42.mr,42,160,170,143.5582,3.4181,13,365,2.1471,65,15,60,15,248,248,104,0
experimental/1d101_10536_v20.mr,20,207,254,170.9599,8.548,15,584.2,2.3,117.4734,25,72,15,50,40,25,-305
experimental/1d102_10451_i10.mr,10,260,320,169.8973,16.9897,17,672,2.1,140,32,72,15,50,40,25,27.5
experimental/b78_1380_b8.mr,8,150,160,22.6195,2.8274,15,280,1.75,58,12,52,12,250,250,110,0
experimental/b78_2070_x12.mr,12,150,160,33.9292,2.8274,15,280,1.75,58,12,52,12,250,250,110,0
experimental/b78_2761_x16.mr,16,150,160,45.2389,2.8274,15,280,1.75,58,12,52,12,250,250,110,0
experimental/bertrand_2_f12.mr,12,85,69,4.6985,0.3915,11.3,126,1.8261,26.7,7.5,28.6,8,252,262,109,1
experimental/bertrand_f12.mr,12,85,69,4.6985,0.3915,11.3,126,1.8261,26.7,7.5,28.6,8,252,262,109,1
experimental/cadillac_539_v20.mr,20,82.55,82.55,8.8363,0.4418,6.75,161.925,1.9615,38.1,7.366,34.925,7.6708,214,236,103.5,2.5
experimental/chevrolet_lt_350_i8.mr,8,101.6,88.392,5.733,0.7166,10.4,144.78,1.6379,49.276,11.7856,38.1,12.0142,213,219,112,0
experimental/chevrolet_vortec_525_v12.mr,12,101.6,88.392,8.5995,0.7166,9.2,144.78,1.6379,49.276,10.5156,38.1,10.8712,206,228,104.5,-1.5
experimental/f_r14.mr,14,80,70,4.926,0.3519,9,135,1.9286,40,8,35,7.5,272,270,113.5,1.5
experimental/ferrari_f130_test_v12.mr,12,85,69,4.6985,0.3915,11.3,126,1.8261,26.7,7.5,28.6,8,252,262,109,1
experimental/ford_108_x8.mr,8,63.5,69.85,1.7697,0.2212,6,114.3,1.6364,33.3375,7.493,33.3375,7.493,243.6,243.6,114,1.5
experimental/ford_109_r7.mr,7,66.675,73.025,1.7848,0.255,6.6,139.7,1.913,33.3375,7.493,30.1625,7.493,243.6,243.6,114,1.5
experimental/ford_117_x8.mr,8,54.7687,101.6,1.9149,0.2394,6.5,162.56,1.6,27.7813,7.493,25.0031,7.493,243.6,243.6,114,1.5
experimental/ford_119_x8.mr,8,63.8969,76.2,1.9548,0.2443,7,133.35,1.75,33.3375,7.493,33.3375,7.493,243.6,243.6,114,1.5
experimental/ford_128_v12.mr,12,53.975,76.2,2.0922,0.1744,6,121.92,1.6,26.1937,7.493,26.1937,7.493,243.6,243.6,114,1.5
experimental/ford_137_r9.mr,9,66.675,73.025,2.2947,0.255,6.6,155.575,2.1304,32.5374,7.493,32.5374,7.493,245,245,115,2.5
experimental/ford_308_v10.mr,10,73.025,120.65,5.0531,0.5053,6.5,193.04,1.6,34.925,7.9375,34.925,7.9375,256,256,109,-1
experimental/ford_39_i4.mr,4,48.4188,85.725,0.6314,0.1578,5,161.925,1.8889,25.4,6.35,25.4,6.35,235,230,111.25,-1.25
experimental/ford_98_i4.mr,4,63.5,127,1.6088,0.4022,3.98,222.25,1.75,31.75,6.35,31.75,6.35,218.15,217.87,115.3,-6.4
experimental/ford_coyote_302_f8.mr,8,92.2,92.7,4.9513,0.6189,12,150.7,1.6257,38,13.1064,31,13.0556,263,277,127,0
experimental/ford_modular_281_x8.mr,8,90.2208,89.9922,4.6025,0.5753,9.9,150.6982,1.6746,37,12.192,30,12.192,242,240,112,4
experimental/ford_voodoo_315_f8.mr,8,94,93,5.1632,0.6454,12,150.7,1.6204,37.7,14,32,14,234,235,120.5,0
experimental/gaz_51_425_v12.mr,12,82,110,6.9709,0.5809,6.2,202,1.8364,41,9.2,37.5,9.2,240,240,109,-2
experimental/heldt_450_v8.mr,8,95.25,129.3815,7.3753,0.9219,6,279.4,2.1595,47.625,10.3187,44.45,9.525,250,250,112.5,-2
experimental/lancia_363_v8.mr,8,90,117,5.9546,0.7443,4.5,216,1.8462,42,9,42,9,220,240,112.5,-2.5
experimental/memz_965_91_v8.mr,8,66,54.5,1.4916,0.1865,6.5,115,2.1101,26.5,7,25,7,236,236,108,0
experimental/mercedes_m120_639_w21.mr,21,89,80.2,10.4776,0.4989,10,153.8,1.9177,35,9.2,31,9.35,241,261,110,0
experimental/mercedes_m120_670_w22.mr,22,89,80.2,10.9766,0.4989,10,153.8,1.9177,35,9.2,31,9.35,241,261,110,0
experimental/mercedes_m120cr_365_v12.mr,12,89,80.2,5.9872,0.4989,10,153.8,1.9177,35,9.2,31,9.35,241,261,110,0
experimental/napier_1098_w9.mr,9,139.7,130.175,17.9578,1.9953,5.8,247.3325,1.9,44.45,8.7376,45.2437,8.9916,241.2,238,109.81,-0.81
experimental/napier_1827_w15.mr,15,139.7,130.175,29.9296,1.9953,5.8,254,1.9512,44.45,8.7376,45.2437,8.9916,241.2,238,109.81,-0.81
experimental/p_v20.mr,20,98.21,66,9.9994,0.5,12,132.6,2.0091,38.2,12,32.5,12,270,282,110,0
experimental/porsche_908_366_x16.mr,16,85,66,5.9923,0.3745,10.3,175,2.6515,47.5,12.1,40.5,10.5,332,312,95,10
experimental/porsche_993_293_b8.mr,8,100,76.4,4.8004,0.6,11.3,127,1.6623,50,12.5,43.5,11.1,243,232,115.25,-1.25
experimental/porsche_993_366_b10.mr,10,100,76.4,6.0004,0.6,11.3,127,1.6623,50,12.5,43.5,11.1,243,232,115.25,-1.25
experimental/porsche_993_439_b12.mr,12,100,76.4,7.2005,0.6,11.3,127,1.6623,50,13.2,43.5,13.2,288,280,114,0
experimental/porsche_993_439_x12.mr,12,100,76.4,7.2005,0.6,11.3,150,1.9634,50,12.5,43.5,11.1,243,232,115.25,-1.25
experimental/porsche_993_b18.mr,18,100,76.4,10.8008,0.6,11.3,127,1.6623,50,13.2,43.5,13.2,288,280,114,0
experimental/porsche_993_v16.mr,16,100,76.4,9.6007,0.6,11.3,127,1.6623,50,13.2,43.5,13.2,288,280,114,0
experimental/porsche_993_vr11.mr,11,100,76.4,6.6005,0.6,11.3,127,1.6623,50,13.2,43.5,13.2,288,280,114,0
experimental/porsche_993_vr7.mr,7,100,76.4,4.2003,0.6,11.3,127,1.6623,50,13.2,43.5,13.2,288,280,114,0
experimental/porsche_993_vr9.mr,9,100,76.4,5.4004,0.6,11.3,127,1.6623,50,13.2,43.5,13.2,288,280,114,0
experimental/porsche_t1xx_1103_v12.mr,12,115,145,18.0732,1.5061,5.9,280,1.931,63,12,51,12,245,245,109,-2.5
experimental/porsche_t1xx_1379_w15.mr,15,115,145,22.5915,1.5061,5.9,280,1.931,63,12,51,12,245,245,109,-2.5
experimental/uzam_412_180_i8.mr,8,82,70,2.9574,0.3697,8.8,140,2,38,8.9,34,8.9,280,280,110,0
experimental/uzam_412c.mr,4,82,70,1.4787,0.3697,8.8,140,2,38,8.9,34,8.9,280,280,110,0
experimental/viper_v12_585_v12.mr,12,101.6,98.552,9.5879,0.799,9.6,165.1,1.6753,48.768,13.8176,40.64,13.8176,212,232,110,4
experimental/vw_732_w24.mr,24,86,86,11.9894,0.4996,8.3,164,1.907,31,10,27,10,235,233,99.5,8
experimental/w9.mr,9,92,75.2,4.4991,0.4999,12,140.5,1.8684,35.4,11.7,30.5,11.5,268,260,110,5
experimental/xb10_p5.mr,10,98,66.3,5.001,0.5001,12,132.6,2,38.2,12,31.5,12,270,282,110,0
experimental/xb14.mr,14,98,66.3,7.0014,0.5001,12,132.6,2,38.2,12,31.5,12,270,282,110,0
experimental/xb14_p4.mr,14,98,66.3,7.0014,0.5001,12,132.6,2,38.2,12,31.5,12,270,282,110,0
experimental/xb18_m3.mr,18,98,66.3,9.0018,0.5001,12,132.6,2,38.2,12,31.5,12,270,282,110,0
experimental/zil_410x_637_v12.mr,12,108,95,10.4434,0.8703,8.5,175,1.8421,53.5,10.6,43,10.6,312,316,112,-16.5
experimental/zis_101_704_v16.mr,16,85,127,11.5306,0.7207,5.5,280,2.2047,45,8.75,40,8.75,278.3,230.3,95.5,-19.5
experimental/zmz_21_v8.mr,8,92,92,4.8926,0.6116,6.7,168,1.8261,44,9.5,36,8.5,268,252,107,-3
experimental/zmz_3xx_212_v6.mr,6,92,87,3.4701,0.5783,9.5,158,1.8161,37,9.2,31.5,9.2,240,240,103,1
experimental/zmz_3xx_424_v12.mr,12,92,87,6.9401,0.5783,9.5,158,1.8161,37,9.2,31.5,9.2,240,240,103,1
racing/alfa_115_12_183_f12.mr,12,77,53.6,2.9951,0.2496,11,112,2.0896,33,9,28,8,332,312,95,10
racing/alfa_159_90_i8.mr,8,58,70,1.4796,0.1849,7.5,147,2.1,36,8,36,8,250,250,105,0
racing/alfa_6c_107_i6.mr,6,65,88,1.7521,0.292,5,189,2.1477,34,7,34,7,247,247,111.5,0
racing/alfa_p2_91_i6.mr,6,61,85,1.4905,0.2484,6,178,2.0941,38,9,38,9,256,256,110,2
racing/alfa_p3_162_i8.mr,8,65,100,2.6546,0.3318,6.5,215,2.15,39,9,39,9,250,250,105,0
racing/am_dbr1_183_i6.mr,6,84,90,2.9926,0.4988,9.6,166,1.8444,51.7,11.4,41.4,11.4,269,269,119.5,0
racing/am_rb6_178_i6.mr,6,83,90,2.9217,0.487,9.8,166,1.8444,50,10.9,40,10.9,269,269,119.5,0
racing/arsenal_cta_90_v8.mr,8,60,65,1.4703,0.1838,11.9,140,2.1538,42,9.5,39,8.5,284,284,103,3
racing/au_a_266_v16.mr,16,68,75,4.358,0.2724,7.1,164,2.1867,35,10,32,10,260,260,110,0
racing/au_b_302_v16.mr,16,72.5,75,4.9539,0.3096,8.95,164,2.1867,35,10,32,10,260,260,110,0
racing/au_c_367_v16.mr,16,75,85,6.0083,0.3755,9.2,168,1.9765,35,10,32,10,260,260,110,0
racing/au_d_182_v12.mr,12,65,75,2.9865,0.2489,10,168,2.24,34,8,31,8,260,260,110,0
racing/austin_7_45_i4.mr,4,60.325,65.0875,0.7441,0.186,6.5,127,1.9512,38.1,8.7,38.1,6.35,260,260,120,0
racing/austin_7_47_i4.mr,4,57.404,76.2,0.7888,0.1972,8,152.4,2,27.9,7.1,27.9,7.1,280,252,106,-4
racing/ballot_181_i8.mr,8,65,112,2.9732,0.3717,6.6,190,1.6964,34,7,30.9,7,224,261,113.25,4.25
racing/bentley_183_i4.mr,4,80,149,2.9958,0.749,6.5,295,1.9799,37,8.5,37,8.5,235,260,113.8,6.2
racing/bentley_268_i4.mr,4,100,140,4.3982,1.0996,5,285,2.0357,37.37,8.5,37.37,8.5,235,260,113.75,6.25
racing/bentley_403_i6.mr,6,100,140,6.5973,1.0996,5.3,290,2.0714,37.37,8.5,37.37,8.5,235,260,113.75,6.25
racing/benz_444_i4.mr,4,115,175,7.2708,1.8177,4.7,267,1.5257,57,8,57,8,204,250,113.5,11.5
racing/benz_826_i4.mr,4,154.7,180,13.5333,3.3833,4.5,360,2,63.4,13,63.4,13,200,230,113,10
racing/bmw_m10_121_i4.mr,4,89,80,1.9908,0.4977,10.5,135,1.6875,42,11,34,11,324,324,100,0
racing/borgward_rs_92_i4.mr,4,80,75,1.508,0.377,10.2,140,1.8667,33,8,30,8,280,280,98,0
racing/brm_p15_91_v16.mr,16,49.53,48.26,1.4878,0.093,7.5,104.775,2.1711,31.75,6.35,27.686,5.1,305,296,99.8,2.2
racing/brm_p56_91_v8.mr,8,68.5165,50.8,1.4984,0.1873,10.5,104.775,2.0625,39.6875,7.9,30.48,6.4,320,310,102.5,2.5
racing/brm_p75_mk1_183_h16.mr,16,69.85,48.895,2.9978,0.1874,10.5,115.602,2.3643,39.6875,9,30.48,9,308,317,96.75,-6.25
racing/brm_p75_mk2_183_h16.mr,16,69.85,48.895,2.9978,0.1874,10.5,115.602,2.3643,39.7,8.89,30.5,8.89,308,317,96.75,-6.25
racing/bugatti_t35_121_i8.mr,8,60,88,1.9905,0.2488,6,185,2.1023,23.5,7.5,35,9,225,250,103.8,1.2
racing/bugatti_t37_91_i4.mr,4,69,100,1.4957,0.3739,6,200,2,26,7.5,37,8.5,225,250,103.8,1.2
racing/bugatti_t39_91_i8.mr,8,52,88,1.4951,0.1869,6,185,2.1023,23.5,7.5,38,9,223,250,106.8,-1.8
racing/bugatti_t45_232_u16.mr,16,60,84,3.8001,0.2375,6,185,2.2024,25.5,8,35,9,225,250,103.75,1.25
racing/cisitalia_91_f12.mr,12,56,50.5,1.4926,0.1244,7.6,101.6,2.0119,34,8,29,8,271,270,109.2,3.8
racing/climax_fpf_152_i4.mr,4,93.98,90,2.4973,0.6243,11.9,129.5,1.4389,49.2,10.4,42.8,10.4,290,290,100,0
racing/climax_fwa3_67_i4.mr,4,72.39,66.675,1.0977,0.2744,10.5,120.65,1.8095,34.3,9.525,30.5,8.7312,270,270,105,0
racing/climax_fwmv3_91_v8.mr,8,67.945,51.562,1.4956,0.187,11,129.54,2.5123,34.3,8.9,30.8,8.9,290,290,100,0
racing/climax_fwmv6_91_v8.mr,8,72.39,45.466,1.497,0.1871,12,106.7,2.3468,26.4,8.4,23.7,7.9,290,280,98,-1
racing/connaught_151_i4.mr,4,93.5,90,2.4718,0.618,12.5,177.8,1.9756,54,13.5,54,13.5,309,309,103,-2
racing/delage_91_i8.mr,8,55.9,76,1.4922,0.1865,6.5,152,2,31,7,29,7,248,263,106.2,0.2
racing/duesenberg_182_i8.mr,8,63.5,117.475,2.9763,0.372,5.6,222.25,1.8919,38.1,11.176,28.575,9.652,223,228,105.2,-1.2
racing/duesenberg_236_i4.mr,4,98.425,127,3.8651,0.9663,4.5,258.762,2.0375,47.625,8.7312,46.0375,8.7312,216,236,113,-11
racing/era_b_91_i6.mr,6,57.547,95.25,1.4865,0.2477,6,211.9,2.2247,36.5,8.3,33.5,8.3,280,262,105.5,-4.5
racing/era_d_121_i6.mr,6,62.706,106.759,1.9782,0.3297,7.5,206.4,1.9333,38.5,7.7,35.5,7.7,263,260,102.8,-2.8
racing/era_e_91_i6.mr,6,62.706,80.169,1.4855,0.2476,7.5,215.1,2.6831,38.5,7.7,35.5,7.7,263,260,102.8,-2.8
racing/ferrari_125_91_v12.mr,12,55,52.5,1.4968,0.1247,7,110,2.0952,32.1,6.5,30,6.5,255,255,110,2.5
racing/ferrari_156_90_v6.mr,6,73,58.8,1.4766,0.2461,9.8,98,1.6667,38.5,9,34,9,310,310,106,0
racing/ferrari_166mm_122_v12.mr,12,60,58.8,1.995,0.1663,8.5,110,1.8707,32.1,6,30,6,255,255,110,2.5
racing/ferrari_246_148_v6.mr,6,85,71,2.4173,0.4029,9.8,98,1.3803,52,10,46,10,310,310,106,0
racing/ferrari_250tr_180_v12.mr,12,73,58.8,2.9532,0.2461,9.57,110,1.8707,36,10.1,33,10.1,298,290,105.5,-0.5
racing/ferrari_312b_183_f12.mr,12,78.5,51.5,2.991,0.2493,11.5,110,2.1359,31,10.05,27,10.05,332,312,95,10
racing/ferrari_375f1_274_v12.mr,12,80,74.5,4.4937,0.3745,11,142,1.906,41,7,37,7,272,270,113.5,1.5
racing/ferrari_500_121_i4.mr,4,90,78,1.9849,0.4962,13,142,1.8205,48,10.5,44,10,310,306,105,0
racing/ferrari_553_152_i4.mr,4,100,79.5,2.4976,0.6244,12,138,1.7358,50,10,46,10,310,310,106,0
racing/ferrari_750_183_i4.mr,4,103,90,2.9996,0.7499,9.2,142,1.5778,50,10,46,10,310,306,98,0
racing/ferrari_p18c_183_w18.mr,18,65,50,2.9865,0.1659,12,120,2.4,34.5,7.5,33,6.9,332,312,95,10
racing/fiat_401_181_i8.mr,8,65,112,2.9732,0.3717,6,250,2.2321,30,7,30,7,230,240,112.5,-2.5
racing/fiat_404_121_i6.mr,6,65,100,1.991,0.3318,7,225,2.25,40,9,40,9,252,245,111.8,-4.2
racing/fiat_405_121_i8.mr,8,60,87.5,1.9792,0.2474,7,165,1.8857,37,8,37,8,230,240,112.5,-2.5
racing/fiat_406_91_u12.mr,12,50,63,1.4844,0.1237,7,130,2.0635,30,7,30,7,252,245,111.75,-4.25
racing/ford_dfv_183_v8.mr,8,85.6742,64.897,2.993,0.3741,11,132.8,2.0463,34.5,10.4,29,10.4,320,336,106,4
racing/gd1_91_v8.mr,8,62,62,1.4975,0.1872,10.7,120,1.9355,34,8,30,8,340,304,101.5,1.5
racing/gw_58_183_v12.mr,12,72.8,60,2.997,0.2497,12,124,2.0667,30.5,9.5,25,7.9,282,282,114,0
racing/honda_ra122e_213_v12.mr,12,88,47.9,3.496,0.2913,12.9,111,2.3173,36.5,11.5,28.5,10.5,340,320,95,-2
racing/honda_ra272e_91_v12.mr,12,58.1,47,1.4953,0.1246,7.6,119,2.5319,24,7,22,6,250,240,92.5,-2.5
racing/itala_737_i4.mr,4,155,160,12.0763,3.0191,4.5,410,2.5625,91.76,15,99.8,15,187.5,222.5,108.75,2.5
racing/jaguar_xj13_305_v12.mr,12,87,70,4.9935,0.4161,10.4,152.4,2.1771,47.6,11.2,34.9,9.2,290,290,110,0
racing/jaguar_xk_210_i6.mr,6,83,106,3.4411,0.5735,9,196.85,1.8571,47.6,9.5,41.3,9.5,252,252,111,0
racing/judd_ox11_183_v10.mr,10,90,47.1,2.9964,0.2996,12,100,2.1231,37.5,9,30.5,7,268,260,110,5
racing/kuechen_v8_121_v8.mr,8,68,68,1.9756,0.247,14,138,2.0294,38,9.8,35,9.8,308,308,104,0
racing/lancia_b20gt_150_v6.mr,6,78,85.5,2.4513,0.4085,8.4,160,1.8713,40,7.5,35,7.5,292,272,113,-2
racing/lancia_d25_229_v6.mr,6,93,92,3.7497,0.6249,9,164,1.7826,52,12,45,12,300,280,113,-2
racing/lancia_d50_152_v8.mr,8,73.6,73.1,2.488,0.311,11.9,135,1.8468,46,10,44.5,10,284,284,103,3
racing/lotus_tc_95_i4.mr,4,82.5652,72.8218,1.5596,0.3899,9.5,121.92,1.6742,38.8937,8.89,33.655,8.89,272,272,110,0
racing/maserati_250f_152_i6.mr,6,84,75,2.4938,0.4156,12.5,143,1.9067,46,8,40,8,290,290,105,0
racing/maserati_4clt_91_i4.mr,4,78,78,1.4908,0.3727,6,161,2.0641,40,8,40,8,260,260,105,0
racing/maserati_61_176_i4.mr,4,100,92,2.8903,0.7226,9.8,143,1.5543,54,10.5,42.5,10.5,292,290,103,2
racing/maserati_gp_182_v12.mr,12,70.4,64,2.9895,0.2491,11,118,1.8438,39,8,35,8,320,320,105,0
racing/matra_ms12_183_v12.mr,12,79.7,50,2.9934,0.2494,11,116,2.32,31,9,27,8.5,290,280,98,-1
racing/mercedes_18_100_274_i4.mr,4,93,165,4.4833,1.1208,5.4,330,2,47,8,47,8,215,239,109,1.5
racing/mercedes_500I_209_v8.mr,8,97,58,3.4289,0.4286,11,116,2,52.5,15.7,39.7,14.4,354,348,90,0
racing/mercedes_dab_340_v12.mr,12,82,88,5.5768,0.4647,9.17,171,1.9432,35.5,8.5,35.5,8.5,238,216,105,0
racing/mercedes_m117_303_v8.mr,8,96.5,85,4.9734,0.6217,7,170.5,2.0059,46.2,10.05,41,9,245,251,96.75,0.75
racing/mercedes_m125_346_i8.mr,8,94,102,5.6629,0.7079,8.9,167,1.6373,39,8.5,39,8.5,237,213,103.5,0
racing/mercedes_m154_181_v12.mr,12,67,70,2.9615,0.2468,6.6,155,2.2143,30,8,30,8,288,258,100.75,-2.75
racing/mercedes_m165_91_v8.mr,8,64,58,1.4927,0.1866,6.99,143,2.4655,28,7,28,7,277,229,100,-3.5
racing/mercedes_m194_183_i6.mr,6,85,88,2.9961,0.4994,8,166,1.8864,46.7,9.375,39.8,7.8,362,276,107,-4
racing/mercedes_m196r_152_i8.mr,8,76,68.8,2.4969,0.3121,12.5,137.5,1.9985,50,13,43,12,256,244,108,0
racing/mercedes_m196s_182_i8.mr,8,78,78,2.9817,0.3727,9,145,1.859,50,13,43,12,264,244,109.5,-0.5
racing/mercedes_m25a_205_i8.mr,8,78,88,3.364,0.4205,6,161,1.8295,34,8.5,34,8.5,250,240,100,0
racing/mercedes_m25ab_227_i8.mr,8,82,88,3.7178,0.4647,6,161,1.8295,34,8.5,34,8.5,250,240,100,0
racing/mercedes_m25b_244_i8.mr,8,82,94.5,3.9924,0.4991,6,161,1.7037,35.5,8.5,35.5,8.5,240,214,100.5,0.5
racing/mercedes_m25c_263_i8.mr,8,82,102,4.3093,0.5387,8.17,168,1.6471,35.5,8.5,35.5,8.5,240,214,100.5,0.5
racing/mercedes_m291_213_f12.mr,12,86,50.1,3.4923,0.291,12,109,2.1756,35,8,30,7,336,296,100,0
racing/mercedes_m7294_121_i4.mr,4,70,129,1.9858,0.4965,4.5,250,1.938,34,8,34,8,250,245,103.8,-1.2
racing/mercedes_me25_289_i8.mr,8,86,102,4.74,0.5925,8.65,168,1.6471,37,9.8,37,9.8,235,217,98,0.5
racing/miller_121_i8.mr,8,59.5313,88.9,1.9796,0.2474,7,177.8,2,30.1625,7.1437,30.1625,7.1437,220,232,109.5,-0.5
racing/miller_182_i8.mr,8,68.2625,101.6,2.9747,0.3718,8,196.85,1.9375,30.1625,11.9,30.1625,11.9,223,223,105,-1.5
racing/miller_90_i8.mr,8,55.5625,76.2,1.4781,0.1848,9,185,2.4278,31.75,8.7312,30.1625,8.7312,223,223,105,-1.5
racing/morris_78_i4.mr,4,70.612,81.28,1.2732,0.3183,9.75,146.05,1.7969,35.7188,7.9375,29.3687,7.9375,268,280,107.5,-2.5
racing/nascar_357_v8.mr,8,104.775,84.9313,5.8582,0.7323,12,162.56,1.914,57.34,17.27,41.91,12.7,354,348,90,0
racing/novi_181_v8.mr,8,80.899,72.136,2.9663,0.3708,9,139.7,1.9366,41.3,10,36.6,10,308,308,104,0
racing/offenhauser_159_i4.mr,4,102.362,79.375,2.6128,0.6532,8.5,144,1.8142,39.7,10.2,34.9,10.2,290,270,112,0
racing/peugeot_l3_183_i4.mr,4,78,156,2.9817,0.7454,5.6,261,1.6731,40,9,40,9,217,248,111.8,0.2
racing/peugeot_l56_346_i4.mr,4,100,180,5.6549,1.4137,5.4,295,1.6389,52,9,52,9,212,253.5,111.9,2.9
racing/peugeot_vx5_v2.mr,2,80,280,2.8149,1.4074,5,450,1.6071,62,11.5,62,11.5,219,230,112.2,2.8
racing/porsche_547_91_b4.mr,4,85,66,1.4981,0.3745,9.5,132,2,52,10,48,10,271,270,109.2,3.8
racing/porsche_753_91_b8.mr,8,66,54.6,1.4944,0.1868,10,126,2.3077,37,10.55,34,9.3,332,312,95,10
racing/porsche_908_183_b8.mr,8,85,66,2.9961,0.3745,10.3,130,1.9697,47.5,12.1,40.5,10.5,332,312,95,10
racing/porsche_911_137_b6.mr,6,85,66,2.2471,0.3745,10.3,130,1.9697,46,10.5,40,9.7,388,360,95,5
racing/porsche_911_145_b6.mr,6,87.5,66,2.3812,0.3969,10.3,130,1.9697,46,10.5,40,9.7,388,360,95,5
racing/porsche_911_152_b6.mr,6,86.7,70.4,2.4937,0.4156,10.3,127.8,1.8153,46,10.5,40,9.7,388,360,95,5
racing/porsche_911_171_b6.mr,6,92,70.4,2.808,0.468,10.3,127.8,1.8153,49,10.5,41.5,9.7,388,360,95,5
racing/porsche_911_183_b6.mr,6,95,70.4,2.9941,0.499,10.3,127.8,1.8153,49,10.5,41.5,9.7,388,360,95,5
racing/porsche_912_274_f12.mr,12,85,66,4.4942,0.3745,10.5,130,1.9697,47.5,12.1,40.5,10.5,388,360,97.5,7.5
racing/porsche_912_299_f12.mr,12,86,70.4,4.9073,0.4089,10.5,127.8,1.8153,47.5,12.1,40.5,10.5,388,360,97.5,7.5
racing/porsche_912_366_f16.mr,16,85,66,5.9923,0.3745,10.5,130,1.9697,47.5,12.1,40.5,10.5,388,360,97.5,7.5
racing/porsche_912_437_f16.mr,16,90,70.4,7.1658,0.4479,10.5,127.8,1.8153,49,12.1,41.5,10.5,388,360,95,5
racing/porsche_935_196_b6.mr,6,95.7,74.4,3.211,0.5352,7,125.8,1.6909,35,10,32,10,316,316,100,0
racing/rb_620_183_v8.mr,8,88.9,60.325,2.9956,0.3744,11,160.1,2.654,41.3,10.16,34.9,10.16,308,317,96.8,-6.2
racing/renault_ef4_91_v6.mr,6,86,42.8,1.4917,0.2486,7.5,123,2.8738,29.8,9.5,26.1,9.5,320,320,103,3
racing/riley_121_i6.mr,6,63.5,104.5,1.9857,0.3309,10.8,208,1.9904,33.3,7,29.8,7,300,300,105,0
racing/stutz_180_u16.mr,16,55.5625,76.2,2.9562,0.1848,9,185,2.4278,31.75,8.7312,30.1625,8.7312,223,223,105,-1.5
racing/sunbeam_121_i6.mr,6,67,94,1.9885,0.3314,7.4,218.44,2.3238,44.5,10.16,39.5,10.16,252,245,111.75,-4.25
racing/sunbeam_149_i4.mr,4,81.5,117,2.4415,0.6104,5.06,280,2.3932,40,7.5,40,7.5,216,246,107,2
racing/sunbeam_199_i4.mr,4,81.5,156,3.2553,0.8138,5.4,261,1.6731,40,7.5,40,7.5,216,246,107,2
racing/tag_po1_91_v6.mr,6,82,47.3,1.4988,0.2498,8,115,2.4313,30.5,10,27.5,10,320,336,106,4
racing/talbot_181_i6.mr,6,75,112,2.9688,0.4948,9,193.675,1.7292,44,9,30,9,242,242,109,0
racing/vanwall_v254_152_i4.mr,4,96,86,2.49,0.6225,12.5,163.5,1.9012,53,14,45,12,340,304,101.5,1.5
racing/vauxhall_tt_183_i4.mr,4,85,132,2.9961,0.749,5.8,279,2.1136,36.83,9,35.05,9,265,265,114,-6.5
